method,comparison,cursor,n,wrong_to_correct,correct_to_wrong,correct_to_correct,wrong_to_wrong,gain_pp,before_parsed,after_parsed,newly_parsed,newly_unparseable,invalid_to_correct,parsed_wrong_to_correct,correct_to_invalid,correct_to_parsed_wrong
Frozen greedy,initial_probe_to_cursor,0,16,0,0,3,13,0.0,13,13,0,0,0,0,0,0
Frozen greedy,initial_probe_to_cursor,8,16,0,0,3,13,0.0,13,13,0,0,0,0,0,0
Frozen greedy,initial_probe_to_cursor,16,16,0,0,3,13,0.0,13,13,0,0,0,0,0,0
Frozen SC-8,initial_probe_to_cursor,0,16,0,0,3,13,0.0,13,13,0,0,0,0,0,0
Frozen SC-8,initial_probe_to_cursor,8,16,0,0,3,13,0.0,13,13,0,0,0,0,0,0
Frozen SC-8,initial_probe_to_cursor,16,16,0,0,3,13,0.0,13,13,0,0,0,0,0,0
Continual TTRL,frozen_to_before,16,16,3,0,2,11,18.75,14,14,2,2,0,3,0,0
Continual TTRL,before_to_after,16,16,1,1,4,10,0.0,14,16,2,0,1,0,0,1
Continual TTRL,initial_probe_to_cursor,0,16,0,0,3,13,0.0,13,13,0,0,0,0,0,0
Continual TTRL,initial_probe_to_cursor,8,16,0,0,3,13,0.0,13,12,0,1,0,0,0,0
Continual TTRL,initial_probe_to_cursor,16,16,0,0,3,13,0.0,13,13,1,1,0,0,0,0
Continual SPINE,frozen_to_before,16,16,1,0,2,13,6.25,14,12,1,3,0,1,0,0
Continual SPINE,before_to_after,16,16,0,0,3,13,0.0,12,11,2,3,0,0,0,0
Continual SPINE,initial_probe_to_cursor,0,16,0,0,3,13,0.0,13,13,0,0,0,0,0,0
Continual SPINE,initial_probe_to_cursor,8,16,0,2,1,13,-12.5,13,9,0,4,0,0,2,0
Continual SPINE,initial_probe_to_cursor,16,16,0,1,2,13,-6.25,13,11,1,3,0,0,1,0
