section,anonymous_index,accepted,accepted_target_correct,first_order_parsed,reverse_order_parsed,same_canonical_choice,first_tokens,reverse_tokens,any_length_cap,actor_update_harm
stream,0,False,False,False,False,False,122,113,False,not_applicable_no_actor_update
stream,1,False,False,False,False,False,107,117,False,not_applicable_no_actor_update
stream,2,False,False,True,False,False,181,127,False,not_applicable_no_actor_update
stream,3,False,False,True,True,True,61,61,False,not_applicable_no_actor_update
stream,4,False,False,False,False,False,114,124,False,not_applicable_no_actor_update
stream,5,False,False,False,False,False,175,249,False,not_applicable_no_actor_update
stream,6,False,False,False,False,False,111,108,False,not_applicable_no_actor_update
stream,7,False,False,False,False,False,163,163,False,not_applicable_no_actor_update
stream,8,False,False,False,False,False,125,125,False,not_applicable_no_actor_update
stream,9,False,False,False,False,False,146,179,False,not_applicable_no_actor_update
stream,10,False,False,False,False,False,146,177,False,not_applicable_no_actor_update
stream,11,False,False,False,False,False,303,169,False,not_applicable_no_actor_update
stream,12,False,False,True,False,False,254,207,False,not_applicable_no_actor_update
stream,13,False,False,False,False,False,110,69,False,not_applicable_no_actor_update
stream,14,False,False,False,False,False,173,189,False,not_applicable_no_actor_update
stream,15,False,False,False,False,False,230,141,False,not_applicable_no_actor_update
probe,0,False,False,False,False,False,160,150,False,not_applicable_no_actor_update
probe,1,False,False,False,False,False,131,125,False,not_applicable_no_actor_update
probe,2,False,False,False,False,False,82,83,False,not_applicable_no_actor_update
probe,3,False,False,False,False,False,169,156,False,not_applicable_no_actor_update
probe,4,False,False,False,False,False,156,126,False,not_applicable_no_actor_update
probe,5,False,False,False,False,False,129,165,False,not_applicable_no_actor_update
probe,6,False,False,False,False,False,219,161,False,not_applicable_no_actor_update
probe,7,False,False,False,False,False,151,197,False,not_applicable_no_actor_update
probe,8,False,False,False,False,False,151,150,False,not_applicable_no_actor_update
probe,9,False,False,False,False,False,111,110,False,not_applicable_no_actor_update
probe,10,False,False,False,False,False,120,150,False,not_applicable_no_actor_update
probe,11,False,False,False,False,False,180,149,False,not_applicable_no_actor_update
probe,12,False,False,False,False,False,150,167,False,not_applicable_no_actor_update
probe,13,False,False,False,False,False,125,105,False,not_applicable_no_actor_update
probe,14,False,False,False,False,False,106,100,False,not_applicable_no_actor_update
probe,15,False,False,False,False,False,196,175,False,not_applicable_no_actor_update
