seed,arm,anonymous_probe,transition,reason
72,s,01,NA,no sealed complete matrix scoring
72,s,02,NA,no sealed complete matrix scoring
72,s,03,NA,no sealed complete matrix scoring
72,s,04,NA,no sealed complete matrix scoring
72,s,05,NA,no sealed complete matrix scoring
72,s,06,NA,no sealed complete matrix scoring
72,s,07,NA,no sealed complete matrix scoring
72,s,08,NA,no sealed complete matrix scoring
72,s,09,NA,no sealed complete matrix scoring
72,s,10,NA,no sealed complete matrix scoring
72,s,11,NA,no sealed complete matrix scoring
72,s,12,NA,no sealed complete matrix scoring
72,s,13,NA,no sealed complete matrix scoring
72,s,14,NA,no sealed complete matrix scoring
72,s,15,NA,no sealed complete matrix scoring
72,s,16,NA,no sealed complete matrix scoring
72,t,01,NA,no sealed complete matrix scoring
72,t,02,NA,no sealed complete matrix scoring
72,t,03,NA,no sealed complete matrix scoring
72,t,04,NA,no sealed complete matrix scoring
72,t,05,NA,no sealed complete matrix scoring
72,t,06,NA,no sealed complete matrix scoring
72,t,07,NA,no sealed complete matrix scoring
72,t,08,NA,no sealed complete matrix scoring
72,t,09,NA,no sealed complete matrix scoring
72,t,10,NA,no sealed complete matrix scoring
72,t,11,NA,no sealed complete matrix scoring
72,t,12,NA,no sealed complete matrix scoring
72,t,13,NA,no sealed complete matrix scoring
72,t,14,NA,no sealed complete matrix scoring
72,t,15,NA,no sealed complete matrix scoring
72,t,16,NA,no sealed complete matrix scoring
72,v,01,NA,no sealed complete matrix scoring
72,v,02,NA,no sealed complete matrix scoring
72,v,03,NA,no sealed complete matrix scoring
72,v,04,NA,no sealed complete matrix scoring
72,v,05,NA,no sealed complete matrix scoring
72,v,06,NA,no sealed complete matrix scoring
72,v,07,NA,no sealed complete matrix scoring
72,v,08,NA,no sealed complete matrix scoring
72,v,09,NA,no sealed complete matrix scoring
72,v,10,NA,no sealed complete matrix scoring
72,v,11,NA,no sealed complete matrix scoring
72,v,12,NA,no sealed complete matrix scoring
72,v,13,NA,no sealed complete matrix scoring
72,v,14,NA,no sealed complete matrix scoring
72,v,15,NA,no sealed complete matrix scoring
72,v,16,NA,no sealed complete matrix scoring
73,s,01,NA,no sealed complete matrix scoring
73,s,02,NA,no sealed complete matrix scoring
73,s,03,NA,no sealed complete matrix scoring
73,s,04,NA,no sealed complete matrix scoring
73,s,05,NA,no sealed complete matrix scoring
73,s,06,NA,no sealed complete matrix scoring
73,s,07,NA,no sealed complete matrix scoring
73,s,08,NA,no sealed complete matrix scoring
73,s,09,NA,no sealed complete matrix scoring
73,s,10,NA,no sealed complete matrix scoring
73,s,11,NA,no sealed complete matrix scoring
73,s,12,NA,no sealed complete matrix scoring
73,s,13,NA,no sealed complete matrix scoring
73,s,14,NA,no sealed complete matrix scoring
73,s,15,NA,no sealed complete matrix scoring
73,s,16,NA,no sealed complete matrix scoring
73,t,01,NA,no sealed complete matrix scoring
73,t,02,NA,no sealed complete matrix scoring
73,t,03,NA,no sealed complete matrix scoring
73,t,04,NA,no sealed complete matrix scoring
73,t,05,NA,no sealed complete matrix scoring
73,t,06,NA,no sealed complete matrix scoring
73,t,07,NA,no sealed complete matrix scoring
73,t,08,NA,no sealed complete matrix scoring
73,t,09,NA,no sealed complete matrix scoring
73,t,10,NA,no sealed complete matrix scoring
73,t,11,NA,no sealed complete matrix scoring
73,t,12,NA,no sealed complete matrix scoring
73,t,13,NA,no sealed complete matrix scoring
73,t,14,NA,no sealed complete matrix scoring
73,t,15,NA,no sealed complete matrix scoring
73,t,16,NA,no sealed complete matrix scoring
73,v,01,NA,no sealed complete matrix scoring
73,v,02,NA,no sealed complete matrix scoring
73,v,03,NA,no sealed complete matrix scoring
73,v,04,NA,no sealed complete matrix scoring
73,v,05,NA,no sealed complete matrix scoring
73,v,06,NA,no sealed complete matrix scoring
73,v,07,NA,no sealed complete matrix scoring
73,v,08,NA,no sealed complete matrix scoring
73,v,09,NA,no sealed complete matrix scoring
73,v,10,NA,no sealed complete matrix scoring
73,v,11,NA,no sealed complete matrix scoring
73,v,12,NA,no sealed complete matrix scoring
73,v,13,NA,no sealed complete matrix scoring
73,v,14,NA,no sealed complete matrix scoring
73,v,15,NA,no sealed complete matrix scoring
73,v,16,NA,no sealed complete matrix scoring
74,s,01,NA,no sealed complete matrix scoring
74,s,02,NA,no sealed complete matrix scoring
74,s,03,NA,no sealed complete matrix scoring
74,s,04,NA,no sealed complete matrix scoring
74,s,05,NA,no sealed complete matrix scoring
74,s,06,NA,no sealed complete matrix scoring
74,s,07,NA,no sealed complete matrix scoring
74,s,08,NA,no sealed complete matrix scoring
74,s,09,NA,no sealed complete matrix scoring
74,s,10,NA,no sealed complete matrix scoring
74,s,11,NA,no sealed complete matrix scoring
74,s,12,NA,no sealed complete matrix scoring
74,s,13,NA,no sealed complete matrix scoring
74,s,14,NA,no sealed complete matrix scoring
74,s,15,NA,no sealed complete matrix scoring
74,s,16,NA,no sealed complete matrix scoring
74,t,01,NA,no sealed complete matrix scoring
74,t,02,NA,no sealed complete matrix scoring
74,t,03,NA,no sealed complete matrix scoring
74,t,04,NA,no sealed complete matrix scoring
74,t,05,NA,no sealed complete matrix scoring
74,t,06,NA,no sealed complete matrix scoring
74,t,07,NA,no sealed complete matrix scoring
74,t,08,NA,no sealed complete matrix scoring
74,t,09,NA,no sealed complete matrix scoring
74,t,10,NA,no sealed complete matrix scoring
74,t,11,NA,no sealed complete matrix scoring
74,t,12,NA,no sealed complete matrix scoring
74,t,13,NA,no sealed complete matrix scoring
74,t,14,NA,no sealed complete matrix scoring
74,t,15,NA,no sealed complete matrix scoring
74,t,16,NA,no sealed complete matrix scoring
74,v,01,NA,no sealed complete matrix scoring
74,v,02,NA,no sealed complete matrix scoring
74,v,03,NA,no sealed complete matrix scoring
74,v,04,NA,no sealed complete matrix scoring
74,v,05,NA,no sealed complete matrix scoring
74,v,06,NA,no sealed complete matrix scoring
74,v,07,NA,no sealed complete matrix scoring
74,v,08,NA,no sealed complete matrix scoring
74,v,09,NA,no sealed complete matrix scoring
74,v,10,NA,no sealed complete matrix scoring
74,v,11,NA,no sealed complete matrix scoring
74,v,12,NA,no sealed complete matrix scoring
74,v,13,NA,no sealed complete matrix scoring
74,v,14,NA,no sealed complete matrix scoring
74,v,15,NA,no sealed complete matrix scoring
74,v,16,NA,no sealed complete matrix scoring
