section,anonymous_index,seed,precision,tokens,temperature,top_p,top_k,max_logp_difference,atol,within_tolerance,model_dtype,production_sampling,raw_sampler_configuration_matches_check,strict_on_policy_consistency_claimed
calibration,0,81,bfloat16,4,1,1,0,0.05329883098602295,0.1,True,bfloat16,temperature 1.0/top-p 1.0; loss uses raw untempered model softmax,True,False
calibration,1,81,bfloat16,4,1,1,0,0.004867222160100937,0.1,True,bfloat16,temperature 1.0/top-p 1.0; loss uses raw untempered model softmax,True,False
calibration,2,81,bfloat16,4,1,1,0,0.020390033721923828,0.1,True,bfloat16,temperature 1.0/top-p 1.0; loss uses raw untempered model softmax,True,False
calibration,3,81,bfloat16,4,1,1,0,0.011822864413261414,0.1,True,bfloat16,temperature 1.0/top-p 1.0; loss uses raw untempered model softmax,True,False
calibration,4,81,bfloat16,4,1,1,0,0.04897141456604004,0.1,True,bfloat16,temperature 1.0/top-p 1.0; loss uses raw untempered model softmax,True,False
calibration,5,81,bfloat16,4,1,1,0,0.00632891058921814,0.1,True,bfloat16,temperature 1.0/top-p 1.0; loss uses raw untempered model softmax,True,False
calibration,6,81,bfloat16,4,1,1,0,0.09272646903991699,0.1,True,bfloat16,temperature 1.0/top-p 1.0; loss uses raw untempered model softmax,True,False
calibration,7,81,bfloat16,4,1,1,0,0.04355669021606445,0.1,True,bfloat16,temperature 1.0/top-p 1.0; loss uses raw untempered model softmax,True,False
calibration,8,81,bfloat16,4,1,1,0,0.005688130855560303,0.1,True,bfloat16,temperature 1.0/top-p 1.0; loss uses raw untempered model softmax,True,False
calibration,9,81,bfloat16,4,1,1,0,0.01178983598947525,0.1,True,bfloat16,temperature 1.0/top-p 1.0; loss uses raw untempered model softmax,True,False
calibration,10,81,bfloat16,4,1,1,0,0.12122821807861328,0.1,False,bfloat16,temperature 1.0/top-p 1.0; loss uses raw untempered model softmax,True,False
calibration,11,81,bfloat16,4,1,1,0,0.011208228766918182,0.1,True,bfloat16,temperature 1.0/top-p 1.0; loss uses raw untempered model softmax,True,False
calibration,12,81,bfloat16,4,1,1,0,0.11967635154724121,0.1,False,bfloat16,temperature 1.0/top-p 1.0; loss uses raw untempered model softmax,True,False
calibration,13,81,bfloat16,4,1,1,0,0.1200723648071289,0.1,False,bfloat16,temperature 1.0/top-p 1.0; loss uses raw untempered model softmax,True,False
calibration,14,81,bfloat16,4,1,1,0,0.058358192443847656,0.1,True,bfloat16,temperature 1.0/top-p 1.0; loss uses raw untempered model softmax,True,False
calibration,15,81,bfloat16,4,1,1,0,0.0195218026638031,0.1,True,bfloat16,temperature 1.0/top-p 1.0; loss uses raw untempered model softmax,True,False
calibration,16,81,bfloat16,4,1,1,0,0.07316648960113525,0.1,True,bfloat16,temperature 1.0/top-p 1.0; loss uses raw untempered model softmax,True,False
calibration,17,81,bfloat16,4,1,1,0,0.054120540618896484,0.1,True,bfloat16,temperature 1.0/top-p 1.0; loss uses raw untempered model softmax,True,False
calibration,18,81,bfloat16,4,1,1,0,0.061456531286239624,0.1,True,bfloat16,temperature 1.0/top-p 1.0; loss uses raw untempered model softmax,True,False
calibration,19,81,bfloat16,4,1,1,0,0.09255838394165039,0.1,True,bfloat16,temperature 1.0/top-p 1.0; loss uses raw untempered model softmax,True,False
calibration,20,81,bfloat16,4,1,1,0,0.06685340404510498,0.1,True,bfloat16,temperature 1.0/top-p 1.0; loss uses raw untempered model softmax,True,False
calibration,21,81,bfloat16,4,1,1,0,0.00415097177028656,0.1,True,bfloat16,temperature 1.0/top-p 1.0; loss uses raw untempered model softmax,True,False
calibration,22,81,bfloat16,4,1,1,0,0.018276304006576538,0.1,True,bfloat16,temperature 1.0/top-p 1.0; loss uses raw untempered model softmax,True,False
calibration,23,81,bfloat16,4,1,1,0,0.034079790115356445,0.1,True,bfloat16,temperature 1.0/top-p 1.0; loss uses raw untempered model softmax,True,False
calibration,24,81,bfloat16,4,1,1,0,0.022702455520629883,0.1,True,bfloat16,temperature 1.0/top-p 1.0; loss uses raw untempered model softmax,True,False
calibration,25,81,bfloat16,4,1,1,0,0.013825222849845886,0.1,True,bfloat16,temperature 1.0/top-p 1.0; loss uses raw untempered model softmax,True,False
calibration,26,81,bfloat16,4,1,1,0,0.007753796875476837,0.1,True,bfloat16,temperature 1.0/top-p 1.0; loss uses raw untempered model softmax,True,False
calibration,27,81,bfloat16,4,1,1,0,0.05364030599594116,0.1,True,bfloat16,temperature 1.0/top-p 1.0; loss uses raw untempered model softmax,True,False
calibration,28,81,bfloat16,4,1,1,0,0.09818530082702637,0.1,True,bfloat16,temperature 1.0/top-p 1.0; loss uses raw untempered model softmax,True,False
calibration,29,81,bfloat16,4,1,1,0,0.008736446499824524,0.1,True,bfloat16,temperature 1.0/top-p 1.0; loss uses raw untempered model softmax,True,False
calibration,30,81,bfloat16,4,1,1,0,0.0002814829349517822,0.1,True,bfloat16,temperature 1.0/top-p 1.0; loss uses raw untempered model softmax,True,False
calibration,31,81,bfloat16,4,1,1,0,0.0022211410105228424,0.1,True,bfloat16,temperature 1.0/top-p 1.0; loss uses raw untempered model softmax,True,False
verification,0,81,bfloat16,4,1,1,0,0.009469486773014069,0.1,True,bfloat16,temperature 1.0/top-p 1.0; loss uses raw untempered model softmax,True,False
verification,1,81,bfloat16,4,1,1,0,0.03672504425048828,0.1,True,bfloat16,temperature 1.0/top-p 1.0; loss uses raw untempered model softmax,True,False
verification,2,81,bfloat16,4,1,1,0,0.017092734575271606,0.1,True,bfloat16,temperature 1.0/top-p 1.0; loss uses raw untempered model softmax,True,False
verification,3,81,bfloat16,4,1,1,0,0.012703981250524521,0.1,True,bfloat16,temperature 1.0/top-p 1.0; loss uses raw untempered model softmax,True,False
verification,4,81,bfloat16,4,1,1,0,0.004523754119873047,0.1,True,bfloat16,temperature 1.0/top-p 1.0; loss uses raw untempered model softmax,True,False
verification,5,81,bfloat16,4,1,1,0,0.01422978937625885,0.1,True,bfloat16,temperature 1.0/top-p 1.0; loss uses raw untempered model softmax,True,False
verification,6,81,bfloat16,4,1,1,0,0.1586611270904541,0.1,False,bfloat16,temperature 1.0/top-p 1.0; loss uses raw untempered model softmax,True,False
verification,7,81,bfloat16,4,1,1,0,0.025392770767211914,0.1,True,bfloat16,temperature 1.0/top-p 1.0; loss uses raw untempered model softmax,True,False
verification,8,81,bfloat16,4,1,1,0,0.007714159786701202,0.1,True,bfloat16,temperature 1.0/top-p 1.0; loss uses raw untempered model softmax,True,False
verification,9,81,bfloat16,4,1,1,0,0.00762871652841568,0.1,True,bfloat16,temperature 1.0/top-p 1.0; loss uses raw untempered model softmax,True,False
verification,10,81,bfloat16,4,1,1,0,0.0023710206151008606,0.1,True,bfloat16,temperature 1.0/top-p 1.0; loss uses raw untempered model softmax,True,False
verification,11,81,bfloat16,4,1,1,0,0.03964284062385559,0.1,True,bfloat16,temperature 1.0/top-p 1.0; loss uses raw untempered model softmax,True,False
verification,12,81,bfloat16,4,1,1,0,0.00021431082859635353,0.1,True,bfloat16,temperature 1.0/top-p 1.0; loss uses raw untempered model softmax,True,False
verification,13,81,bfloat16,4,1,1,0,0.006732285022735596,0.1,True,bfloat16,temperature 1.0/top-p 1.0; loss uses raw untempered model softmax,True,False
verification,14,81,bfloat16,4,1,1,0,0.07822513580322266,0.1,True,bfloat16,temperature 1.0/top-p 1.0; loss uses raw untempered model softmax,True,False
verification,15,81,bfloat16,4,1,1,0,0.0066330209374427795,0.1,True,bfloat16,temperature 1.0/top-p 1.0; loss uses raw untempered model softmax,True,False
verification,16,81,bfloat16,4,1,1,0,0.029790878295898438,0.1,True,bfloat16,temperature 1.0/top-p 1.0; loss uses raw untempered model softmax,True,False
verification,17,81,bfloat16,4,1,1,0,0.12173748016357422,0.1,False,bfloat16,temperature 1.0/top-p 1.0; loss uses raw untempered model softmax,True,False
verification,18,81,bfloat16,4,1,1,0,0.11540460586547852,0.1,False,bfloat16,temperature 1.0/top-p 1.0; loss uses raw untempered model softmax,True,False
verification,19,81,bfloat16,4,1,1,0,0.014059886336326599,0.1,True,bfloat16,temperature 1.0/top-p 1.0; loss uses raw untempered model softmax,True,False
verification,20,81,bfloat16,4,1,1,0,0.018646158277988434,0.1,True,bfloat16,temperature 1.0/top-p 1.0; loss uses raw untempered model softmax,True,False
verification,21,81,bfloat16,4,1,1,0,0.01124841719865799,0.1,True,bfloat16,temperature 1.0/top-p 1.0; loss uses raw untempered model softmax,True,False
verification,22,81,bfloat16,4,1,1,0,0.07370030879974365,0.1,True,bfloat16,temperature 1.0/top-p 1.0; loss uses raw untempered model softmax,True,False
verification,23,81,bfloat16,4,1,1,0,0.050937533378601074,0.1,True,bfloat16,temperature 1.0/top-p 1.0; loss uses raw untempered model softmax,True,False
verification,24,81,bfloat16,4,1,1,0,0.014534816145896912,0.1,True,bfloat16,temperature 1.0/top-p 1.0; loss uses raw untempered model softmax,True,False
verification,25,81,bfloat16,4,1,1,0,0.0345342755317688,0.1,True,bfloat16,temperature 1.0/top-p 1.0; loss uses raw untempered model softmax,True,False
verification,26,81,bfloat16,4,1,1,0,0.12265825271606445,0.1,False,bfloat16,temperature 1.0/top-p 1.0; loss uses raw untempered model softmax,True,False
verification,27,81,bfloat16,4,1,1,0,0.01588211953639984,0.1,True,bfloat16,temperature 1.0/top-p 1.0; loss uses raw untempered model softmax,True,False
verification,28,81,bfloat16,4,1,1,0,0.07192409038543701,0.1,True,bfloat16,temperature 1.0/top-p 1.0; loss uses raw untempered model softmax,True,False
verification,29,81,bfloat16,4,1,1,0,0.007991865277290344,0.1,True,bfloat16,temperature 1.0/top-p 1.0; loss uses raw untempered model softmax,True,False
verification,30,81,bfloat16,4,1,1,0,0.012059345841407776,0.1,True,bfloat16,temperature 1.0/top-p 1.0; loss uses raw untempered model softmax,True,False
verification,31,81,bfloat16,4,1,1,0,0.03428459167480469,0.1,True,bfloat16,temperature 1.0/top-p 1.0; loss uses raw untempered model softmax,True,False
calibration,0,81,float32,4,1,1,0,0.03948444128036499,0.1,True,float32,temperature 1.0/top-p 1.0; loss uses raw untempered model softmax,True,False
calibration,1,81,float32,4,1,1,0,0.008246082812547684,0.1,True,float32,temperature 1.0/top-p 1.0; loss uses raw untempered model softmax,True,False
calibration,2,81,float32,4,1,1,0,0.21811819076538086,0.1,False,float32,temperature 1.0/top-p 1.0; loss uses raw untempered model softmax,True,False
calibration,3,81,float32,4,1,1,0,0.8443760871887207,0.1,False,float32,temperature 1.0/top-p 1.0; loss uses raw untempered model softmax,True,False
calibration,4,81,float32,4,1,1,0,0.2933378219604492,0.1,False,float32,temperature 1.0/top-p 1.0; loss uses raw untempered model softmax,True,False
calibration,5,81,float32,4,1,1,0,0.014368176460266113,0.1,True,float32,temperature 1.0/top-p 1.0; loss uses raw untempered model softmax,True,False
calibration,6,81,float32,4,1,1,0,0.33733367919921875,0.1,False,float32,temperature 1.0/top-p 1.0; loss uses raw untempered model softmax,True,False
calibration,7,81,float32,4,1,1,0,0.007000625133514404,0.1,True,float32,temperature 1.0/top-p 1.0; loss uses raw untempered model softmax,True,False
calibration,8,81,float32,4,1,1,0,0.48152849078178406,0.1,False,float32,temperature 1.0/top-p 1.0; loss uses raw untempered model softmax,True,False
calibration,9,81,float32,4,1,1,0,0.27759456634521484,0.1,False,float32,temperature 1.0/top-p 1.0; loss uses raw untempered model softmax,True,False
calibration,10,81,float32,4,1,1,0,0.29457730054855347,0.1,False,float32,temperature 1.0/top-p 1.0; loss uses raw untempered model softmax,True,False
calibration,11,81,float32,4,1,1,0,4.438588619232178,0.1,False,float32,temperature 1.0/top-p 1.0; loss uses raw untempered model softmax,True,False
calibration,12,81,float32,4,1,1,0,0.41481322050094604,0.1,False,float32,temperature 1.0/top-p 1.0; loss uses raw untempered model softmax,True,False
calibration,13,81,float32,4,1,1,0,0.21959209442138672,0.1,False,float32,temperature 1.0/top-p 1.0; loss uses raw untempered model softmax,True,False
calibration,14,81,float32,4,1,1,0,0.020799636840820312,0.1,True,float32,temperature 1.0/top-p 1.0; loss uses raw untempered model softmax,True,False
calibration,15,81,float32,4,1,1,0,1.3236768245697021,0.1,False,float32,temperature 1.0/top-p 1.0; loss uses raw untempered model softmax,True,False
calibration,16,81,float32,4,1,1,0,1.1712298393249512,0.1,False,float32,temperature 1.0/top-p 1.0; loss uses raw untempered model softmax,True,False
calibration,17,81,float32,4,1,1,0,1.2657809257507324,0.1,False,float32,temperature 1.0/top-p 1.0; loss uses raw untempered model softmax,True,False
calibration,18,81,float32,4,1,1,0,0.3704805374145508,0.1,False,float32,temperature 1.0/top-p 1.0; loss uses raw untempered model softmax,True,False
calibration,19,81,float32,4,1,1,0,0.5654339790344238,0.1,False,float32,temperature 1.0/top-p 1.0; loss uses raw untempered model softmax,True,False
calibration,20,81,float32,4,1,1,0,0.31572604179382324,0.1,False,float32,temperature 1.0/top-p 1.0; loss uses raw untempered model softmax,True,False
calibration,21,81,float32,4,1,1,0,0.45192456245422363,0.1,False,float32,temperature 1.0/top-p 1.0; loss uses raw untempered model softmax,True,False
calibration,22,81,float32,4,1,1,0,0.395103394985199,0.1,False,float32,temperature 1.0/top-p 1.0; loss uses raw untempered model softmax,True,False
calibration,23,81,float32,4,1,1,0,0.5770468711853027,0.1,False,float32,temperature 1.0/top-p 1.0; loss uses raw untempered model softmax,True,False
calibration,24,81,float32,4,1,1,0,0.35757848620414734,0.1,False,float32,temperature 1.0/top-p 1.0; loss uses raw untempered model softmax,True,False
calibration,25,81,float32,4,1,1,0,0.09477460384368896,0.1,True,float32,temperature 1.0/top-p 1.0; loss uses raw untempered model softmax,True,False
calibration,26,81,float32,3,1,1,0,0.15950864553451538,0.1,False,float32,temperature 1.0/top-p 1.0; loss uses raw untempered model softmax,True,False
calibration,27,81,float32,4,1,1,0,0.053134024143218994,0.1,True,float32,temperature 1.0/top-p 1.0; loss uses raw untempered model softmax,True,False
calibration,28,81,float32,4,1,1,0,0.682016134262085,0.1,False,float32,temperature 1.0/top-p 1.0; loss uses raw untempered model softmax,True,False
calibration,29,81,float32,4,1,1,0,0.03982877731323242,0.1,True,float32,temperature 1.0/top-p 1.0; loss uses raw untempered model softmax,True,False
calibration,30,81,float32,4,1,1,0,0.01232457160949707,0.1,True,float32,temperature 1.0/top-p 1.0; loss uses raw untempered model softmax,True,False
calibration,31,81,float32,4,1,1,0,0.2758035659790039,0.1,False,float32,temperature 1.0/top-p 1.0; loss uses raw untempered model softmax,True,False
verification,0,81,float32,4,1,1,0,0.20085230469703674,0.1,False,float32,temperature 1.0/top-p 1.0; loss uses raw untempered model softmax,True,False
verification,1,81,float32,4,1,1,0,0.15163850784301758,0.1,False,float32,temperature 1.0/top-p 1.0; loss uses raw untempered model softmax,True,False
verification,2,81,float32,4,1,1,0,0.05929601192474365,0.1,True,float32,temperature 1.0/top-p 1.0; loss uses raw untempered model softmax,True,False
verification,3,81,float32,4,1,1,0,2.818398952484131,0.1,False,float32,temperature 1.0/top-p 1.0; loss uses raw untempered model softmax,True,False
verification,4,81,float32,4,1,1,0,0.9897263050079346,0.1,False,float32,temperature 1.0/top-p 1.0; loss uses raw untempered model softmax,True,False
verification,5,81,float32,4,1,1,0,0.11110210418701172,0.1,False,float32,temperature 1.0/top-p 1.0; loss uses raw untempered model softmax,True,False
verification,6,81,float32,4,1,1,0,0.6194818019866943,0.1,False,float32,temperature 1.0/top-p 1.0; loss uses raw untempered model softmax,True,False
verification,7,81,float32,4,1,1,0,0.9739092588424683,0.1,False,float32,temperature 1.0/top-p 1.0; loss uses raw untempered model softmax,True,False
verification,8,81,float32,4,1,1,0,0.5189676284790039,0.1,False,float32,temperature 1.0/top-p 1.0; loss uses raw untempered model softmax,True,False
verification,9,81,float32,4,1,1,0,0.26412153244018555,0.1,False,float32,temperature 1.0/top-p 1.0; loss uses raw untempered model softmax,True,False
verification,10,81,float32,4,1,1,0,0.0719376802444458,0.1,True,float32,temperature 1.0/top-p 1.0; loss uses raw untempered model softmax,True,False
verification,11,81,float32,4,1,1,0,0.18375205993652344,0.1,False,float32,temperature 1.0/top-p 1.0; loss uses raw untempered model softmax,True,False
verification,12,81,float32,4,1,1,0,1.9233472347259521,0.1,False,float32,temperature 1.0/top-p 1.0; loss uses raw untempered model softmax,True,False
verification,13,81,float32,4,1,1,0,0.07503414154052734,0.1,True,float32,temperature 1.0/top-p 1.0; loss uses raw untempered model softmax,True,False
verification,14,81,float32,4,1,1,0,0.30253472924232483,0.1,False,float32,temperature 1.0/top-p 1.0; loss uses raw untempered model softmax,True,False
verification,15,81,float32,4,1,1,0,0.037475407123565674,0.1,True,float32,temperature 1.0/top-p 1.0; loss uses raw untempered model softmax,True,False
verification,16,81,float32,4,1,1,0,0.02859973907470703,0.1,True,float32,temperature 1.0/top-p 1.0; loss uses raw untempered model softmax,True,False
verification,17,81,float32,4,1,1,0,0.14324793219566345,0.1,False,float32,temperature 1.0/top-p 1.0; loss uses raw untempered model softmax,True,False
verification,18,81,float32,4,1,1,0,0.3245433568954468,0.1,False,float32,temperature 1.0/top-p 1.0; loss uses raw untempered model softmax,True,False
verification,19,81,float32,4,1,1,0,0.2806972861289978,0.1,False,float32,temperature 1.0/top-p 1.0; loss uses raw untempered model softmax,True,False
verification,20,81,float32,4,1,1,0,0.17202876508235931,0.1,False,float32,temperature 1.0/top-p 1.0; loss uses raw untempered model softmax,True,False
verification,21,81,float32,4,1,1,0,0.07145917415618896,0.1,True,float32,temperature 1.0/top-p 1.0; loss uses raw untempered model softmax,True,False
verification,22,81,float32,4,1,1,0,1.4235020875930786,0.1,False,float32,temperature 1.0/top-p 1.0; loss uses raw untempered model softmax,True,False
verification,23,81,float32,4,1,1,0,0.02973085641860962,0.1,True,float32,temperature 1.0/top-p 1.0; loss uses raw untempered model softmax,True,False
verification,24,81,float32,4,1,1,0,1.0690414905548096,0.1,False,float32,temperature 1.0/top-p 1.0; loss uses raw untempered model softmax,True,False
verification,25,81,float32,4,1,1,0,0.3687516152858734,0.1,False,float32,temperature 1.0/top-p 1.0; loss uses raw untempered model softmax,True,False
verification,26,81,float32,4,1,1,0,0.0698792040348053,0.1,True,float32,temperature 1.0/top-p 1.0; loss uses raw untempered model softmax,True,False
verification,27,81,float32,4,1,1,0,0.6241680383682251,0.1,False,float32,temperature 1.0/top-p 1.0; loss uses raw untempered model softmax,True,False
verification,28,81,float32,2,1,1,0,0.2840306758880615,0.1,False,float32,temperature 1.0/top-p 1.0; loss uses raw untempered model softmax,True,False
verification,29,81,float32,4,1,1,0,0.04559326171875,0.1,True,float32,temperature 1.0/top-p 1.0; loss uses raw untempered model softmax,True,False
verification,30,81,float32,4,1,1,0,0.7786968350410461,0.1,False,float32,temperature 1.0/top-p 1.0; loss uses raw untempered model softmax,True,False
verification,31,81,float32,4,1,1,0,0.04977691173553467,0.1,True,float32,temperature 1.0/top-p 1.0; loss uses raw untempered model softmax,True,False
calibration,0,82,bfloat16,4,1,1,0,0.05329883098602295,0.1,True,bfloat16,temperature 1.0/top-p 1.0; loss uses raw untempered model softmax,True,False
calibration,1,82,bfloat16,4,1,1,0,0.004867222160100937,0.1,True,bfloat16,temperature 1.0/top-p 1.0; loss uses raw untempered model softmax,True,False
calibration,2,82,bfloat16,4,1,1,0,0.03615009784698486,0.1,True,bfloat16,temperature 1.0/top-p 1.0; loss uses raw untempered model softmax,True,False
calibration,3,82,bfloat16,4,1,1,0,0.011822864413261414,0.1,True,bfloat16,temperature 1.0/top-p 1.0; loss uses raw untempered model softmax,True,False
calibration,4,82,bfloat16,4,1,1,0,0.15638303756713867,0.1,False,bfloat16,temperature 1.0/top-p 1.0; loss uses raw untempered model softmax,True,False
calibration,5,82,bfloat16,4,1,1,0,0.08621406555175781,0.1,True,bfloat16,temperature 1.0/top-p 1.0; loss uses raw untempered model softmax,True,False
calibration,6,82,bfloat16,4,1,1,0,0.03227353096008301,0.1,True,bfloat16,temperature 1.0/top-p 1.0; loss uses raw untempered model softmax,True,False
calibration,7,82,bfloat16,4,1,1,0,0.0668100118637085,0.1,True,bfloat16,temperature 1.0/top-p 1.0; loss uses raw untempered model softmax,True,False
calibration,8,82,bfloat16,4,1,1,0,0.08886003494262695,0.1,True,bfloat16,temperature 1.0/top-p 1.0; loss uses raw untempered model softmax,True,False
calibration,9,82,bfloat16,4,1,1,0,0.09758388996124268,0.1,True,bfloat16,temperature 1.0/top-p 1.0; loss uses raw untempered model softmax,True,False
calibration,10,82,bfloat16,4,1,1,0,0.08471488952636719,0.1,True,bfloat16,temperature 1.0/top-p 1.0; loss uses raw untempered model softmax,True,False
calibration,11,82,bfloat16,4,1,1,0,0.011208228766918182,0.1,True,bfloat16,temperature 1.0/top-p 1.0; loss uses raw untempered model softmax,True,False
calibration,12,82,bfloat16,4,1,1,0,0.11967635154724121,0.1,False,bfloat16,temperature 1.0/top-p 1.0; loss uses raw untempered model softmax,True,False
calibration,13,82,bfloat16,4,1,1,0,0.030309677124023438,0.1,True,bfloat16,temperature 1.0/top-p 1.0; loss uses raw untempered model softmax,True,False
calibration,14,82,bfloat16,4,1,1,0,0.08981931209564209,0.1,True,bfloat16,temperature 1.0/top-p 1.0; loss uses raw untempered model softmax,True,False
calibration,15,82,bfloat16,4,1,1,0,0.026584267616271973,0.1,True,bfloat16,temperature 1.0/top-p 1.0; loss uses raw untempered model softmax,True,False
calibration,16,82,bfloat16,4,1,1,0,0.005793273448944092,0.1,True,bfloat16,temperature 1.0/top-p 1.0; loss uses raw untempered model softmax,True,False
calibration,17,82,bfloat16,4,1,1,0,0.03586691617965698,0.1,True,bfloat16,temperature 1.0/top-p 1.0; loss uses raw untempered model softmax,True,False
calibration,18,82,bfloat16,4,1,1,0,0.08594393730163574,0.1,True,bfloat16,temperature 1.0/top-p 1.0; loss uses raw untempered model softmax,True,False
calibration,19,82,bfloat16,4,1,1,0,0.04398539662361145,0.1,True,bfloat16,temperature 1.0/top-p 1.0; loss uses raw untempered model softmax,True,False
calibration,20,82,bfloat16,4,1,1,0,0.03717947006225586,0.1,True,bfloat16,temperature 1.0/top-p 1.0; loss uses raw untempered model softmax,True,False
calibration,21,82,bfloat16,4,1,1,0,0.061573028564453125,0.1,True,bfloat16,temperature 1.0/top-p 1.0; loss uses raw untempered model softmax,True,False
calibration,22,82,bfloat16,4,1,1,0,0.009134069085121155,0.1,True,bfloat16,temperature 1.0/top-p 1.0; loss uses raw untempered model softmax,True,False
calibration,23,82,bfloat16,4,1,1,0,0.01242779940366745,0.1,True,bfloat16,temperature 1.0/top-p 1.0; loss uses raw untempered model softmax,True,False
calibration,24,82,bfloat16,4,1,1,0,0.018839925527572632,0.1,True,bfloat16,temperature 1.0/top-p 1.0; loss uses raw untempered model softmax,True,False
calibration,25,82,bfloat16,4,1,1,0,0.04121267795562744,0.1,True,bfloat16,temperature 1.0/top-p 1.0; loss uses raw untempered model softmax,True,False
calibration,26,82,bfloat16,4,1,1,0,0.007753796875476837,0.1,True,bfloat16,temperature 1.0/top-p 1.0; loss uses raw untempered model softmax,True,False
calibration,27,82,bfloat16,4,1,1,0,0.07437562942504883,0.1,True,bfloat16,temperature 1.0/top-p 1.0; loss uses raw untempered model softmax,True,False
calibration,28,82,bfloat16,4,1,1,0,0.027610063552856445,0.1,True,bfloat16,temperature 1.0/top-p 1.0; loss uses raw untempered model softmax,True,False
calibration,29,82,bfloat16,4,1,1,0,0.09950757026672363,0.1,True,bfloat16,temperature 1.0/top-p 1.0; loss uses raw untempered model softmax,True,False
calibration,30,82,bfloat16,4,1,1,0,0.005709867924451828,0.1,True,bfloat16,temperature 1.0/top-p 1.0; loss uses raw untempered model softmax,True,False
calibration,31,82,bfloat16,4,1,1,0,0.10664772987365723,0.1,False,bfloat16,temperature 1.0/top-p 1.0; loss uses raw untempered model softmax,True,False
verification,0,82,bfloat16,4,1,1,0,0.009469486773014069,0.1,True,bfloat16,temperature 1.0/top-p 1.0; loss uses raw untempered model softmax,True,False
verification,1,82,bfloat16,4,1,1,0,0.1027379035949707,0.1,False,bfloat16,temperature 1.0/top-p 1.0; loss uses raw untempered model softmax,True,False
verification,2,82,bfloat16,4,1,1,0,0.030375957489013672,0.1,True,bfloat16,temperature 1.0/top-p 1.0; loss uses raw untempered model softmax,True,False
verification,3,82,bfloat16,4,1,1,0,0.0004185885190963745,0.1,True,bfloat16,temperature 1.0/top-p 1.0; loss uses raw untempered model softmax,True,False
verification,4,82,bfloat16,4,1,1,0,0.019019395112991333,0.1,True,bfloat16,temperature 1.0/top-p 1.0; loss uses raw untempered model softmax,True,False
verification,5,82,bfloat16,4,1,1,0,0.05717122554779053,0.1,True,bfloat16,temperature 1.0/top-p 1.0; loss uses raw untempered model softmax,True,False
verification,6,82,bfloat16,4,1,1,0,0.0828481912612915,0.1,True,bfloat16,temperature 1.0/top-p 1.0; loss uses raw untempered model softmax,True,False
verification,7,82,bfloat16,4,1,1,0,0.028565794229507446,0.1,True,bfloat16,temperature 1.0/top-p 1.0; loss uses raw untempered model softmax,True,False
verification,8,82,bfloat16,4,1,1,0,0.06585952639579773,0.1,True,bfloat16,temperature 1.0/top-p 1.0; loss uses raw untempered model softmax,True,False
verification,9,82,bfloat16,4,1,1,0,0.00762871652841568,0.1,True,bfloat16,temperature 1.0/top-p 1.0; loss uses raw untempered model softmax,True,False
verification,10,82,bfloat16,4,1,1,0,0.08766484260559082,0.1,True,bfloat16,temperature 1.0/top-p 1.0; loss uses raw untempered model softmax,True,False
verification,11,82,bfloat16,4,1,1,0,0.0036447346210479736,0.1,True,bfloat16,temperature 1.0/top-p 1.0; loss uses raw untempered model softmax,True,False
verification,12,82,bfloat16,4,1,1,0,0.085601806640625,0.1,True,bfloat16,temperature 1.0/top-p 1.0; loss uses raw untempered model softmax,True,False
verification,13,82,bfloat16,4,1,1,0,0.0014549195766448975,0.1,True,bfloat16,temperature 1.0/top-p 1.0; loss uses raw untempered model softmax,True,False
verification,14,82,bfloat16,4,1,1,0,0.0845482349395752,0.1,True,bfloat16,temperature 1.0/top-p 1.0; loss uses raw untempered model softmax,True,False
verification,15,82,bfloat16,4,1,1,0,0.0066330209374427795,0.1,True,bfloat16,temperature 1.0/top-p 1.0; loss uses raw untempered model softmax,True,False
verification,16,82,bfloat16,4,1,1,0,0.10537314414978027,0.1,False,bfloat16,temperature 1.0/top-p 1.0; loss uses raw untempered model softmax,True,False
verification,17,82,bfloat16,4,1,1,0,0.05040264129638672,0.1,True,bfloat16,temperature 1.0/top-p 1.0; loss uses raw untempered model softmax,True,False
verification,18,82,bfloat16,4,1,1,0,0.04033142328262329,0.1,True,bfloat16,temperature 1.0/top-p 1.0; loss uses raw untempered model softmax,True,False
verification,19,82,bfloat16,4,1,1,0,0.014059886336326599,0.1,True,bfloat16,temperature 1.0/top-p 1.0; loss uses raw untempered model softmax,True,False
verification,20,82,bfloat16,4,1,1,0,0.018646158277988434,0.1,True,bfloat16,temperature 1.0/top-p 1.0; loss uses raw untempered model softmax,True,False
verification,21,82,bfloat16,4,1,1,0,0.07050645351409912,0.1,True,bfloat16,temperature 1.0/top-p 1.0; loss uses raw untempered model softmax,True,False
verification,22,82,bfloat16,4,1,1,0,0.033288002014160156,0.1,True,bfloat16,temperature 1.0/top-p 1.0; loss uses raw untempered model softmax,True,False
verification,23,82,bfloat16,4,1,1,0,0.08034425973892212,0.1,True,bfloat16,temperature 1.0/top-p 1.0; loss uses raw untempered model softmax,True,False
verification,24,82,bfloat16,4,1,1,0,0.12592017650604248,0.1,False,bfloat16,temperature 1.0/top-p 1.0; loss uses raw untempered model softmax,True,False
verification,25,82,bfloat16,4,1,1,0,0.0971384048461914,0.1,True,bfloat16,temperature 1.0/top-p 1.0; loss uses raw untempered model softmax,True,False
verification,26,82,bfloat16,4,1,1,0,0.05484414100646973,0.1,True,bfloat16,temperature 1.0/top-p 1.0; loss uses raw untempered model softmax,True,False
verification,27,82,bfloat16,4,1,1,0,0.01588211953639984,0.1,True,bfloat16,temperature 1.0/top-p 1.0; loss uses raw untempered model softmax,True,False
verification,28,82,bfloat16,4,1,1,0,0.07587134838104248,0.1,True,bfloat16,temperature 1.0/top-p 1.0; loss uses raw untempered model softmax,True,False
verification,29,82,bfloat16,4,1,1,0,0.058952271938323975,0.1,True,bfloat16,temperature 1.0/top-p 1.0; loss uses raw untempered model softmax,True,False
verification,30,82,bfloat16,4,1,1,0,0.012059345841407776,0.1,True,bfloat16,temperature 1.0/top-p 1.0; loss uses raw untempered model softmax,True,False
verification,31,82,bfloat16,4,1,1,0,0.0631987452507019,0.1,True,bfloat16,temperature 1.0/top-p 1.0; loss uses raw untempered model softmax,True,False
calibration,0,82,float32,4,1,1,0,0.045938074588775635,0.1,True,float32,temperature 1.0/top-p 1.0; loss uses raw untempered model softmax,True,False
calibration,1,82,float32,4,1,1,0,0.04772442579269409,0.1,True,float32,temperature 1.0/top-p 1.0; loss uses raw untempered model softmax,True,False
calibration,2,82,float32,4,1,1,0,0.47269725799560547,0.1,False,float32,temperature 1.0/top-p 1.0; loss uses raw untempered model softmax,True,False
calibration,3,82,float32,4,1,1,0,1.0086479187011719,0.1,False,float32,temperature 1.0/top-p 1.0; loss uses raw untempered model softmax,True,False
calibration,4,82,float32,4,1,1,0,0.16389644145965576,0.1,False,float32,temperature 1.0/top-p 1.0; loss uses raw untempered model softmax,True,False
calibration,5,82,float32,4,1,1,0,0.034922122955322266,0.1,True,float32,temperature 1.0/top-p 1.0; loss uses raw untempered model softmax,True,False
calibration,6,82,float32,4,1,1,0,0.17495816946029663,0.1,False,float32,temperature 1.0/top-p 1.0; loss uses raw untempered model softmax,True,False
calibration,7,82,float32,4,1,1,0,0.2631521224975586,0.1,False,float32,temperature 1.0/top-p 1.0; loss uses raw untempered model softmax,True,False
calibration,8,82,float32,4,1,1,0,0.31198424100875854,0.1,False,float32,temperature 1.0/top-p 1.0; loss uses raw untempered model softmax,True,False
calibration,9,82,float32,4,1,1,0,0.04039597511291504,0.1,True,float32,temperature 1.0/top-p 1.0; loss uses raw untempered model softmax,True,False
calibration,10,82,float32,4,1,1,0,0.6727919578552246,0.1,False,float32,temperature 1.0/top-p 1.0; loss uses raw untempered model softmax,True,False
calibration,11,82,float32,4,1,1,0,0.3586519956588745,0.1,False,float32,temperature 1.0/top-p 1.0; loss uses raw untempered model softmax,True,False
calibration,12,82,float32,4,1,1,0,0.4811277389526367,0.1,False,float32,temperature 1.0/top-p 1.0; loss uses raw untempered model softmax,True,False
calibration,13,82,float32,4,1,1,0,0.3033933639526367,0.1,False,float32,temperature 1.0/top-p 1.0; loss uses raw untempered model softmax,True,False
calibration,14,82,float32,4,1,1,0,0.22550582885742188,0.1,False,float32,temperature 1.0/top-p 1.0; loss uses raw untempered model softmax,True,False
calibration,15,82,float32,4,1,1,0,0.12838539481163025,0.1,False,float32,temperature 1.0/top-p 1.0; loss uses raw untempered model softmax,True,False
calibration,16,82,float32,4,1,1,0,0.6639118790626526,0.1,False,float32,temperature 1.0/top-p 1.0; loss uses raw untempered model softmax,True,False
calibration,17,82,float32,4,1,1,0,0.17034345865249634,0.1,False,float32,temperature 1.0/top-p 1.0; loss uses raw untempered model softmax,True,False
calibration,18,82,float32,4,1,1,0,0.6213492155075073,0.1,False,float32,temperature 1.0/top-p 1.0; loss uses raw untempered model softmax,True,False
calibration,19,82,float32,4,1,1,0,0.4396400451660156,0.1,False,float32,temperature 1.0/top-p 1.0; loss uses raw untempered model softmax,True,False
calibration,20,82,float32,4,1,1,0,0.4506767988204956,0.1,False,float32,temperature 1.0/top-p 1.0; loss uses raw untempered model softmax,True,False
calibration,21,82,float32,3,1,1,0,0.09227681159973145,0.1,True,float32,temperature 1.0/top-p 1.0; loss uses raw untempered model softmax,True,False
calibration,22,82,float32,4,1,1,0,0.7926571369171143,0.1,False,float32,temperature 1.0/top-p 1.0; loss uses raw untempered model softmax,True,False
calibration,23,82,float32,4,1,1,0,0.13360357284545898,0.1,False,float32,temperature 1.0/top-p 1.0; loss uses raw untempered model softmax,True,False
calibration,24,82,float32,4,1,1,0,0.53853440284729,0.1,False,float32,temperature 1.0/top-p 1.0; loss uses raw untempered model softmax,True,False
calibration,25,82,float32,4,1,1,0,0.0947265625,0.1,True,float32,temperature 1.0/top-p 1.0; loss uses raw untempered model softmax,True,False
calibration,26,82,float32,4,1,1,0,0.06489849090576172,0.1,True,float32,temperature 1.0/top-p 1.0; loss uses raw untempered model softmax,True,False
calibration,27,82,float32,4,1,1,0,0.02452230453491211,0.1,True,float32,temperature 1.0/top-p 1.0; loss uses raw untempered model softmax,True,False
calibration,28,82,float32,4,1,1,0,0.24331170320510864,0.1,False,float32,temperature 1.0/top-p 1.0; loss uses raw untempered model softmax,True,False
calibration,29,82,float32,4,1,1,0,0.07213521003723145,0.1,True,float32,temperature 1.0/top-p 1.0; loss uses raw untempered model softmax,True,False
calibration,30,82,float32,4,1,1,0,0.07118821144104004,0.1,True,float32,temperature 1.0/top-p 1.0; loss uses raw untempered model softmax,True,False
calibration,31,82,float32,4,1,1,0,0.25319552421569824,0.1,False,float32,temperature 1.0/top-p 1.0; loss uses raw untempered model softmax,True,False
verification,0,82,float32,4,1,1,0,0.5765397548675537,0.1,False,float32,temperature 1.0/top-p 1.0; loss uses raw untempered model softmax,True,False
verification,1,82,float32,4,1,1,0,0.11451911926269531,0.1,False,float32,temperature 1.0/top-p 1.0; loss uses raw untempered model softmax,True,False
verification,2,82,float32,4,1,1,0,0.5098919868469238,0.1,False,float32,temperature 1.0/top-p 1.0; loss uses raw untempered model softmax,True,False
verification,3,82,float32,4,1,1,0,0.4379091262817383,0.1,False,float32,temperature 1.0/top-p 1.0; loss uses raw untempered model softmax,True,False
verification,4,82,float32,4,1,1,0,0.3846006393432617,0.1,False,float32,temperature 1.0/top-p 1.0; loss uses raw untempered model softmax,True,False
verification,5,82,float32,4,1,1,0,0.3753274977207184,0.1,False,float32,temperature 1.0/top-p 1.0; loss uses raw untempered model softmax,True,False
verification,6,82,float32,4,1,1,0,0.18913796544075012,0.1,False,float32,temperature 1.0/top-p 1.0; loss uses raw untempered model softmax,True,False
verification,7,82,float32,4,1,1,0,0.35493385791778564,0.1,False,float32,temperature 1.0/top-p 1.0; loss uses raw untempered model softmax,True,False
verification,8,82,float32,4,1,1,0,1.1205940246582031,0.1,False,float32,temperature 1.0/top-p 1.0; loss uses raw untempered model softmax,True,False
verification,9,82,float32,4,1,1,0,0.08464699983596802,0.1,True,float32,temperature 1.0/top-p 1.0; loss uses raw untempered model softmax,True,False
verification,10,82,float32,4,1,1,0,0.47173047065734863,0.1,False,float32,temperature 1.0/top-p 1.0; loss uses raw untempered model softmax,True,False
verification,11,82,float32,4,1,1,0,0.03376460075378418,0.1,True,float32,temperature 1.0/top-p 1.0; loss uses raw untempered model softmax,True,False
verification,12,82,float32,4,1,1,0,0.4671248197555542,0.1,False,float32,temperature 1.0/top-p 1.0; loss uses raw untempered model softmax,True,False
verification,13,82,float32,4,1,1,0,0.15314245223999023,0.1,False,float32,temperature 1.0/top-p 1.0; loss uses raw untempered model softmax,True,False
verification,14,82,float32,4,1,1,0,0.4489057660102844,0.1,False,float32,temperature 1.0/top-p 1.0; loss uses raw untempered model softmax,True,False
verification,15,82,float32,4,1,1,0,0.10530781745910645,0.1,False,float32,temperature 1.0/top-p 1.0; loss uses raw untempered model softmax,True,False
verification,16,82,float32,4,1,1,0,0.026210904121398926,0.1,True,float32,temperature 1.0/top-p 1.0; loss uses raw untempered model softmax,True,False
verification,17,82,float32,4,1,1,0,0.13767576217651367,0.1,False,float32,temperature 1.0/top-p 1.0; loss uses raw untempered model softmax,True,False
verification,18,82,float32,4,1,1,0,0.7707526683807373,0.1,False,float32,temperature 1.0/top-p 1.0; loss uses raw untempered model softmax,True,False
verification,19,82,float32,4,1,1,0,0.2492891550064087,0.1,False,float32,temperature 1.0/top-p 1.0; loss uses raw untempered model softmax,True,False
verification,20,82,float32,4,1,1,0,0.2366783618927002,0.1,False,float32,temperature 1.0/top-p 1.0; loss uses raw untempered model softmax,True,False
verification,21,82,float32,4,1,1,0,0.10360819101333618,0.1,False,float32,temperature 1.0/top-p 1.0; loss uses raw untempered model softmax,True,False
verification,22,82,float32,4,1,1,0,0.2616482675075531,0.1,False,float32,temperature 1.0/top-p 1.0; loss uses raw untempered model softmax,True,False
verification,23,82,float32,4,1,1,0,0.028540074825286865,0.1,True,float32,temperature 1.0/top-p 1.0; loss uses raw untempered model softmax,True,False
verification,24,82,float32,4,1,1,0,0.7594648599624634,0.1,False,float32,temperature 1.0/top-p 1.0; loss uses raw untempered model softmax,True,False
verification,25,82,float32,4,1,1,0,1.0789647102355957,0.1,False,float32,temperature 1.0/top-p 1.0; loss uses raw untempered model softmax,True,False
verification,26,82,float32,4,1,1,0,0.0830274224281311,0.1,True,float32,temperature 1.0/top-p 1.0; loss uses raw untempered model softmax,True,False
verification,27,82,float32,4,1,1,0,0.3704488277435303,0.1,False,float32,temperature 1.0/top-p 1.0; loss uses raw untempered model softmax,True,False
verification,28,82,float32,4,1,1,0,0.2194172739982605,0.1,False,float32,temperature 1.0/top-p 1.0; loss uses raw untempered model softmax,True,False
verification,29,82,float32,4,1,1,0,0.0180511474609375,0.1,True,float32,temperature 1.0/top-p 1.0; loss uses raw untempered model softmax,True,False
verification,30,82,float32,4,1,1,0,0.9506168365478516,0.1,False,float32,temperature 1.0/top-p 1.0; loss uses raw untempered model softmax,True,False
verification,31,82,float32,4,1,1,0,0.05869102478027344,0.1,True,float32,temperature 1.0/top-p 1.0; loss uses raw untempered model softmax,True,False
calibration,0,83,bfloat16,4,1,1,0,0.05329883098602295,0.1,True,bfloat16,temperature 1.0/top-p 1.0; loss uses raw untempered model softmax,True,False
calibration,1,83,bfloat16,4,1,1,0,0.1024169921875,0.1,False,bfloat16,temperature 1.0/top-p 1.0; loss uses raw untempered model softmax,True,False
calibration,2,83,bfloat16,4,1,1,0,0.09003734588623047,0.1,True,bfloat16,temperature 1.0/top-p 1.0; loss uses raw untempered model softmax,True,False
calibration,3,83,bfloat16,4,1,1,0,0.016916751861572266,0.1,True,bfloat16,temperature 1.0/top-p 1.0; loss uses raw untempered model softmax,True,False
calibration,4,83,bfloat16,4,1,1,0,0.06345868110656738,0.1,True,bfloat16,temperature 1.0/top-p 1.0; loss uses raw untempered model softmax,True,False
calibration,5,83,bfloat16,4,1,1,0,0.04608893394470215,0.1,True,bfloat16,temperature 1.0/top-p 1.0; loss uses raw untempered model softmax,True,False
calibration,6,83,bfloat16,4,1,1,0,0.058480143547058105,0.1,True,bfloat16,temperature 1.0/top-p 1.0; loss uses raw untempered model softmax,True,False
calibration,7,83,bfloat16,4,1,1,0,0.049659281969070435,0.1,True,bfloat16,temperature 1.0/top-p 1.0; loss uses raw untempered model softmax,True,False
calibration,8,83,bfloat16,4,1,1,0,0.05865192413330078,0.1,True,bfloat16,temperature 1.0/top-p 1.0; loss uses raw untempered model softmax,True,False
calibration,9,83,bfloat16,4,1,1,0,0.01178983598947525,0.1,True,bfloat16,temperature 1.0/top-p 1.0; loss uses raw untempered model softmax,True,False
calibration,10,83,bfloat16,4,1,1,0,0.10653805732727051,0.1,False,bfloat16,temperature 1.0/top-p 1.0; loss uses raw untempered model softmax,True,False
calibration,11,83,bfloat16,4,1,1,0,0.011208228766918182,0.1,True,bfloat16,temperature 1.0/top-p 1.0; loss uses raw untempered model softmax,True,False
calibration,12,83,bfloat16,4,1,1,0,0.015930861234664917,0.1,True,bfloat16,temperature 1.0/top-p 1.0; loss uses raw untempered model softmax,True,False
calibration,13,83,bfloat16,4,1,1,0,0.015528202056884766,0.1,True,bfloat16,temperature 1.0/top-p 1.0; loss uses raw untempered model softmax,True,False
calibration,14,83,bfloat16,4,1,1,0,0.00713801383972168,0.1,True,bfloat16,temperature 1.0/top-p 1.0; loss uses raw untempered model softmax,True,False
calibration,15,83,bfloat16,4,1,1,0,0.024114131927490234,0.1,True,bfloat16,temperature 1.0/top-p 1.0; loss uses raw untempered model softmax,True,False
calibration,16,83,bfloat16,4,1,1,0,0.02681034803390503,0.1,True,bfloat16,temperature 1.0/top-p 1.0; loss uses raw untempered model softmax,True,False
calibration,17,83,bfloat16,4,1,1,0,0.03586691617965698,0.1,True,bfloat16,temperature 1.0/top-p 1.0; loss uses raw untempered model softmax,True,False
calibration,18,83,bfloat16,4,1,1,0,0.11356639862060547,0.1,False,bfloat16,temperature 1.0/top-p 1.0; loss uses raw untempered model softmax,True,False
calibration,19,83,bfloat16,4,1,1,0,0.014887958765029907,0.1,True,bfloat16,temperature 1.0/top-p 1.0; loss uses raw untempered model softmax,True,False
calibration,20,83,bfloat16,4,1,1,0,0.06867408752441406,0.1,True,bfloat16,temperature 1.0/top-p 1.0; loss uses raw untempered model softmax,True,False
calibration,21,83,bfloat16,4,1,1,0,0.0250149667263031,0.1,True,bfloat16,temperature 1.0/top-p 1.0; loss uses raw untempered model softmax,True,False
calibration,22,83,bfloat16,4,1,1,0,0.018276304006576538,0.1,True,bfloat16,temperature 1.0/top-p 1.0; loss uses raw untempered model softmax,True,False
calibration,23,83,bfloat16,4,1,1,0,0.06400585174560547,0.1,True,bfloat16,temperature 1.0/top-p 1.0; loss uses raw untempered model softmax,True,False
calibration,24,83,bfloat16,4,1,1,0,0.0709993839263916,0.1,True,bfloat16,temperature 1.0/top-p 1.0; loss uses raw untempered model softmax,True,False
calibration,25,83,bfloat16,4,1,1,0,0.041039466857910156,0.1,True,bfloat16,temperature 1.0/top-p 1.0; loss uses raw untempered model softmax,True,False
calibration,26,83,bfloat16,4,1,1,0,0.11724615097045898,0.1,False,bfloat16,temperature 1.0/top-p 1.0; loss uses raw untempered model softmax,True,False
calibration,27,83,bfloat16,4,1,1,0,0.1255779266357422,0.1,False,bfloat16,temperature 1.0/top-p 1.0; loss uses raw untempered model softmax,True,False
calibration,28,83,bfloat16,4,1,1,0,0.027610063552856445,0.1,True,bfloat16,temperature 1.0/top-p 1.0; loss uses raw untempered model softmax,True,False
calibration,29,83,bfloat16,4,1,1,0,0.007600069046020508,0.1,True,bfloat16,temperature 1.0/top-p 1.0; loss uses raw untempered model softmax,True,False
calibration,30,83,bfloat16,4,1,1,0,0.0002814829349517822,0.1,True,bfloat16,temperature 1.0/top-p 1.0; loss uses raw untempered model softmax,True,False
calibration,31,83,bfloat16,4,1,1,0,0.01835232973098755,0.1,True,bfloat16,temperature 1.0/top-p 1.0; loss uses raw untempered model softmax,True,False
verification,0,83,bfloat16,4,1,1,0,0.09971809387207031,0.1,True,bfloat16,temperature 1.0/top-p 1.0; loss uses raw untempered model softmax,True,False
verification,1,83,bfloat16,4,1,1,0,0.0365220308303833,0.1,True,bfloat16,temperature 1.0/top-p 1.0; loss uses raw untempered model softmax,True,False
verification,2,83,bfloat16,4,1,1,0,0.014328286051750183,0.1,True,bfloat16,temperature 1.0/top-p 1.0; loss uses raw untempered model softmax,True,False
verification,3,83,bfloat16,4,1,1,0,0.0004185885190963745,0.1,True,bfloat16,temperature 1.0/top-p 1.0; loss uses raw untempered model softmax,True,False
verification,4,83,bfloat16,4,1,1,0,0.013020038604736328,0.1,True,bfloat16,temperature 1.0/top-p 1.0; loss uses raw untempered model softmax,True,False
verification,5,83,bfloat16,4,1,1,0,0.11194229125976562,0.1,False,bfloat16,temperature 1.0/top-p 1.0; loss uses raw untempered model softmax,True,False
verification,6,83,bfloat16,4,1,1,0,0.042151808738708496,0.1,True,bfloat16,temperature 1.0/top-p 1.0; loss uses raw untempered model softmax,True,False
verification,7,83,bfloat16,4,1,1,0,0.10988259315490723,0.1,False,bfloat16,temperature 1.0/top-p 1.0; loss uses raw untempered model softmax,True,False
verification,8,83,bfloat16,4,1,1,0,0.004934497177600861,0.1,True,bfloat16,temperature 1.0/top-p 1.0; loss uses raw untempered model softmax,True,False
verification,9,83,bfloat16,4,1,1,0,0.040723562240600586,0.1,True,bfloat16,temperature 1.0/top-p 1.0; loss uses raw untempered model softmax,True,False
verification,10,83,bfloat16,4,1,1,0,0.0023710206151008606,0.1,True,bfloat16,temperature 1.0/top-p 1.0; loss uses raw untempered model softmax,True,False
verification,11,83,bfloat16,4,1,1,0,0.03436523675918579,0.1,True,bfloat16,temperature 1.0/top-p 1.0; loss uses raw untempered model softmax,True,False
verification,12,83,bfloat16,4,1,1,0,0.1075444221496582,0.1,False,bfloat16,temperature 1.0/top-p 1.0; loss uses raw untempered model softmax,True,False
verification,13,83,bfloat16,4,1,1,0,0.0014549195766448975,0.1,True,bfloat16,temperature 1.0/top-p 1.0; loss uses raw untempered model softmax,True,False
verification,14,83,bfloat16,4,1,1,0,0.015597119927406311,0.1,True,bfloat16,temperature 1.0/top-p 1.0; loss uses raw untempered model softmax,True,False
verification,15,83,bfloat16,4,1,1,0,0.0654304027557373,0.1,True,bfloat16,temperature 1.0/top-p 1.0; loss uses raw untempered model softmax,True,False
verification,16,83,bfloat16,4,1,1,0,0.019626930356025696,0.1,True,bfloat16,temperature 1.0/top-p 1.0; loss uses raw untempered model softmax,True,False
verification,17,83,bfloat16,4,1,1,0,0.06371313333511353,0.1,True,bfloat16,temperature 1.0/top-p 1.0; loss uses raw untempered model softmax,True,False
verification,18,83,bfloat16,4,1,1,0,0.044064223766326904,0.1,True,bfloat16,temperature 1.0/top-p 1.0; loss uses raw untempered model softmax,True,False
verification,19,83,bfloat16,4,1,1,0,0.07964301109313965,0.1,True,bfloat16,temperature 1.0/top-p 1.0; loss uses raw untempered model softmax,True,False
verification,20,83,bfloat16,4,1,1,0,0.018646158277988434,0.1,True,bfloat16,temperature 1.0/top-p 1.0; loss uses raw untempered model softmax,True,False
verification,21,83,bfloat16,4,1,1,0,0.09315156936645508,0.1,True,bfloat16,temperature 1.0/top-p 1.0; loss uses raw untempered model softmax,True,False
verification,22,83,bfloat16,4,1,1,0,0.12408971786499023,0.1,False,bfloat16,temperature 1.0/top-p 1.0; loss uses raw untempered model softmax,True,False
verification,23,83,bfloat16,4,1,1,0,0.039093077182769775,0.1,True,bfloat16,temperature 1.0/top-p 1.0; loss uses raw untempered model softmax,True,False
verification,24,83,bfloat16,4,1,1,0,0.01697520911693573,0.1,True,bfloat16,temperature 1.0/top-p 1.0; loss uses raw untempered model softmax,True,False
verification,25,83,bfloat16,4,1,1,0,0.0342634916305542,0.1,True,bfloat16,temperature 1.0/top-p 1.0; loss uses raw untempered model softmax,True,False
verification,26,83,bfloat16,4,1,1,0,0.032015979290008545,0.1,True,bfloat16,temperature 1.0/top-p 1.0; loss uses raw untempered model softmax,True,False
verification,27,83,bfloat16,4,1,1,0,0.01588211953639984,0.1,True,bfloat16,temperature 1.0/top-p 1.0; loss uses raw untempered model softmax,True,False
verification,28,83,bfloat16,4,1,1,0,0.01582491397857666,0.1,True,bfloat16,temperature 1.0/top-p 1.0; loss uses raw untempered model softmax,True,False
verification,29,83,bfloat16,4,1,1,0,0.10333812236785889,0.1,False,bfloat16,temperature 1.0/top-p 1.0; loss uses raw untempered model softmax,True,False
verification,30,83,bfloat16,4,1,1,0,0.012059345841407776,0.1,True,bfloat16,temperature 1.0/top-p 1.0; loss uses raw untempered model softmax,True,False
verification,31,83,bfloat16,4,1,1,0,0.001437559723854065,0.1,True,bfloat16,temperature 1.0/top-p 1.0; loss uses raw untempered model softmax,True,False
calibration,0,83,float32,4,1,1,0,0.03457295894622803,0.1,True,float32,temperature 1.0/top-p 1.0; loss uses raw untempered model softmax,True,False
calibration,1,83,float32,4,1,1,0,0.19295644760131836,0.1,False,float32,temperature 1.0/top-p 1.0; loss uses raw untempered model softmax,True,False
calibration,2,83,float32,4,1,1,0,1.1408582925796509,0.1,False,float32,temperature 1.0/top-p 1.0; loss uses raw untempered model softmax,True,False
calibration,3,83,float32,4,1,1,0,0.9634233713150024,0.1,False,float32,temperature 1.0/top-p 1.0; loss uses raw untempered model softmax,True,False
calibration,4,83,float32,4,1,1,0,0.05164813995361328,0.1,True,float32,temperature 1.0/top-p 1.0; loss uses raw untempered model softmax,True,False
calibration,5,83,float32,4,1,1,0,0.011580407619476318,0.1,True,float32,temperature 1.0/top-p 1.0; loss uses raw untempered model softmax,True,False
calibration,6,83,float32,4,1,1,0,0.26714423298835754,0.1,False,float32,temperature 1.0/top-p 1.0; loss uses raw untempered model softmax,True,False
calibration,7,83,float32,4,1,1,0,0.03807878494262695,0.1,True,float32,temperature 1.0/top-p 1.0; loss uses raw untempered model softmax,True,False
calibration,8,83,float32,4,1,1,0,0.9660352468490601,0.1,False,float32,temperature 1.0/top-p 1.0; loss uses raw untempered model softmax,True,False
calibration,9,83,float32,4,1,1,0,0.184137225151062,0.1,False,float32,temperature 1.0/top-p 1.0; loss uses raw untempered model softmax,True,False
calibration,10,83,float32,4,1,1,0,0.664522647857666,0.1,False,float32,temperature 1.0/top-p 1.0; loss uses raw untempered model softmax,True,False
calibration,11,83,float32,4,1,1,0,0.4262598156929016,0.1,False,float32,temperature 1.0/top-p 1.0; loss uses raw untempered model softmax,True,False
calibration,12,83,float32,4,1,1,0,0.303800106048584,0.1,False,float32,temperature 1.0/top-p 1.0; loss uses raw untempered model softmax,True,False
calibration,13,83,float32,4,1,1,0,0.20008957386016846,0.1,False,float32,temperature 1.0/top-p 1.0; loss uses raw untempered model softmax,True,False
calibration,14,83,float32,4,1,1,0,0.08683347702026367,0.1,True,float32,temperature 1.0/top-p 1.0; loss uses raw untempered model softmax,True,False
calibration,15,83,float32,4,1,1,0,0.38399797677993774,0.1,False,float32,temperature 1.0/top-p 1.0; loss uses raw untempered model softmax,True,False
calibration,16,83,float32,4,1,1,0,0.6667137742042542,0.1,False,float32,temperature 1.0/top-p 1.0; loss uses raw untempered model softmax,True,False
calibration,17,83,float32,4,1,1,0,0.14304986596107483,0.1,False,float32,temperature 1.0/top-p 1.0; loss uses raw untempered model softmax,True,False
calibration,18,83,float32,4,1,1,0,0.8522377014160156,0.1,False,float32,temperature 1.0/top-p 1.0; loss uses raw untempered model softmax,True,False
calibration,19,83,float32,4,1,1,0,0.7213213443756104,0.1,False,float32,temperature 1.0/top-p 1.0; loss uses raw untempered model softmax,True,False
calibration,20,83,float32,4,1,1,0,0.3717133402824402,0.1,False,float32,temperature 1.0/top-p 1.0; loss uses raw untempered model softmax,True,False
calibration,21,83,float32,4,1,1,0,0.2035355567932129,0.1,False,float32,temperature 1.0/top-p 1.0; loss uses raw untempered model softmax,True,False
calibration,22,83,float32,4,1,1,0,0.2875632047653198,0.1,False,float32,temperature 1.0/top-p 1.0; loss uses raw untempered model softmax,True,False
calibration,23,83,float32,4,1,1,0,0.04469621181488037,0.1,True,float32,temperature 1.0/top-p 1.0; loss uses raw untempered model softmax,True,False
calibration,24,83,float32,4,1,1,0,0.5247724652290344,0.1,False,float32,temperature 1.0/top-p 1.0; loss uses raw untempered model softmax,True,False
calibration,25,83,float32,4,1,1,0,0.05512499809265137,0.1,True,float32,temperature 1.0/top-p 1.0; loss uses raw untempered model softmax,True,False
calibration,26,83,float32,4,1,1,0,0.022708237171173096,0.1,True,float32,temperature 1.0/top-p 1.0; loss uses raw untempered model softmax,True,False
calibration,27,83,float32,4,1,1,0,0.02841973304748535,0.1,True,float32,temperature 1.0/top-p 1.0; loss uses raw untempered model softmax,True,False
calibration,28,83,float32,4,1,1,0,0.388338565826416,0.1,False,float32,temperature 1.0/top-p 1.0; loss uses raw untempered model softmax,True,False
calibration,29,83,float32,4,1,1,0,0.06577157974243164,0.1,True,float32,temperature 1.0/top-p 1.0; loss uses raw untempered model softmax,True,False
calibration,30,83,float32,4,1,1,0,0.4007948637008667,0.1,False,float32,temperature 1.0/top-p 1.0; loss uses raw untempered model softmax,True,False
calibration,31,83,float32,4,1,1,0,0.12058871984481812,0.1,False,float32,temperature 1.0/top-p 1.0; loss uses raw untempered model softmax,True,False
verification,0,83,float32,4,1,1,0,0.6324071884155273,0.1,False,float32,temperature 1.0/top-p 1.0; loss uses raw untempered model softmax,True,False
verification,1,83,float32,4,1,1,0,0.03255784511566162,0.1,True,float32,temperature 1.0/top-p 1.0; loss uses raw untempered model softmax,True,False
verification,2,83,float32,4,1,1,0,0.4733395278453827,0.1,False,float32,temperature 1.0/top-p 1.0; loss uses raw untempered model softmax,True,False
verification,3,83,float32,4,1,1,0,0.6158996820449829,0.1,False,float32,temperature 1.0/top-p 1.0; loss uses raw untempered model softmax,True,False
verification,4,83,float32,4,1,1,0,0.7129611968994141,0.1,False,float32,temperature 1.0/top-p 1.0; loss uses raw untempered model softmax,True,False
verification,5,83,float32,4,1,1,0,0.23287606239318848,0.1,False,float32,temperature 1.0/top-p 1.0; loss uses raw untempered model softmax,True,False
verification,6,83,float32,4,1,1,0,0.2562558650970459,0.1,False,float32,temperature 1.0/top-p 1.0; loss uses raw untempered model softmax,True,False
verification,7,83,float32,4,1,1,0,0.6018857955932617,0.1,False,float32,temperature 1.0/top-p 1.0; loss uses raw untempered model softmax,True,False
verification,8,83,float32,4,1,1,0,0.8917891979217529,0.1,False,float32,temperature 1.0/top-p 1.0; loss uses raw untempered model softmax,True,False
verification,9,83,float32,4,1,1,0,0.18675166368484497,0.1,False,float32,temperature 1.0/top-p 1.0; loss uses raw untempered model softmax,True,False
verification,10,83,float32,4,1,1,0,0.019863024353981018,0.1,True,float32,temperature 1.0/top-p 1.0; loss uses raw untempered model softmax,True,False
verification,11,83,float32,4,1,1,0,0.06328630447387695,0.1,True,float32,temperature 1.0/top-p 1.0; loss uses raw untempered model softmax,True,False
verification,12,83,float32,4,1,1,0,0.450213760137558,0.1,False,float32,temperature 1.0/top-p 1.0; loss uses raw untempered model softmax,True,False
verification,13,83,float32,4,1,1,0,0.20501327514648438,0.1,False,float32,temperature 1.0/top-p 1.0; loss uses raw untempered model softmax,True,False
verification,14,83,float32,4,1,1,0,1.4544124603271484,0.1,False,float32,temperature 1.0/top-p 1.0; loss uses raw untempered model softmax,True,False
verification,15,83,float32,4,1,1,0,0.034248948097229004,0.1,True,float32,temperature 1.0/top-p 1.0; loss uses raw untempered model softmax,True,False
verification,16,83,float32,4,1,1,0,0.046682119369506836,0.1,True,float32,temperature 1.0/top-p 1.0; loss uses raw untempered model softmax,True,False
verification,17,83,float32,4,1,1,0,0.18331480026245117,0.1,False,float32,temperature 1.0/top-p 1.0; loss uses raw untempered model softmax,True,False
verification,18,83,float32,4,1,1,0,0.22032111883163452,0.1,False,float32,temperature 1.0/top-p 1.0; loss uses raw untempered model softmax,True,False
verification,19,83,float32,4,1,1,0,0.8809337019920349,0.1,False,float32,temperature 1.0/top-p 1.0; loss uses raw untempered model softmax,True,False
verification,20,83,float32,4,1,1,0,0.3240352272987366,0.1,False,float32,temperature 1.0/top-p 1.0; loss uses raw untempered model softmax,True,False
verification,21,83,float32,4,1,1,0,0.04347473382949829,0.1,True,float32,temperature 1.0/top-p 1.0; loss uses raw untempered model softmax,True,False
verification,22,83,float32,4,1,1,0,0.4858222007751465,0.1,False,float32,temperature 1.0/top-p 1.0; loss uses raw untempered model softmax,True,False
verification,23,83,float32,4,1,1,0,0.05130815505981445,0.1,True,float32,temperature 1.0/top-p 1.0; loss uses raw untempered model softmax,True,False
verification,24,83,float32,4,1,1,0,0.7072936296463013,0.1,False,float32,temperature 1.0/top-p 1.0; loss uses raw untempered model softmax,True,False
verification,25,83,float32,4,1,1,0,0.263619601726532,0.1,False,float32,temperature 1.0/top-p 1.0; loss uses raw untempered model softmax,True,False
verification,26,83,float32,4,1,1,0,0.04265516996383667,0.1,True,float32,temperature 1.0/top-p 1.0; loss uses raw untempered model softmax,True,False
verification,27,83,float32,4,1,1,0,0.5072953701019287,0.1,False,float32,temperature 1.0/top-p 1.0; loss uses raw untempered model softmax,True,False
verification,28,83,float32,4,1,1,0,0.10559725761413574,0.1,False,float32,temperature 1.0/top-p 1.0; loss uses raw untempered model softmax,True,False
verification,29,83,float32,4,1,1,0,0.11695051193237305,0.1,False,float32,temperature 1.0/top-p 1.0; loss uses raw untempered model softmax,True,False
verification,30,83,float32,4,1,1,0,0.962905764579773,0.1,False,float32,temperature 1.0/top-p 1.0; loss uses raw untempered model softmax,True,False
verification,31,83,float32,4,1,1,0,0.004393845796585083,0.1,True,float32,temperature 1.0/top-p 1.0; loss uses raw untempered model softmax,True,False
