seed,sampler,section,anonymous_index,majority_correct,valid_candidates,correct_candidates,any_length_cap,accepted,majority_correct_negative_count,verified_correct_negative_count,majority_wrong_positive_count,verified_wrong_positive_count,minority_rescued,retention_harm
87,s,calibration,0,True,8,8,False,True,0,0,0,0,False,NA_no_update
87,s,calibration,1,True,8,5,False,True,0,0,0,0,False,NA_no_update
87,s,calibration,2,True,7,7,False,False,0,0,0,0,False,NA_no_update
87,s,calibration,3,False,8,3,False,True,3,0,5,0,True,NA_no_update
87,s,calibration,4,True,7,7,False,False,0,0,0,0,False,NA_no_update
87,s,calibration,5,False,7,3,False,True,3,3,4,4,False,NA_no_update
87,s,calibration,6,True,7,6,False,False,0,0,0,0,False,NA_no_update
87,s,calibration,7,True,4,3,True,False,0,0,0,0,False,NA_no_update
87,s,calibration,8,True,8,8,False,True,0,0,0,0,False,NA_no_update
87,s,calibration,9,False,7,3,False,False,3,0,4,0,False,NA_no_update
87,s,calibration,10,True,7,6,False,False,0,0,0,0,False,NA_no_update
87,s,calibration,11,False,8,3,False,False,3,0,5,0,False,NA_no_update
87,s,calibration,12,True,6,5,False,False,0,0,0,0,False,NA_no_update
87,s,calibration,13,False,8,1,False,False,1,0,7,0,False,NA_no_update
87,s,calibration,14,True,7,6,False,False,0,0,0,0,False,NA_no_update
87,s,calibration,15,False,7,3,False,False,3,0,4,0,False,NA_no_update
87,s,calibration,16,False,7,2,False,False,2,0,5,0,False,NA_no_update
87,s,calibration,17,True,5,4,False,True,0,4,0,1,False,NA_no_update
87,s,calibration,18,True,7,7,False,False,0,0,0,0,False,NA_no_update
87,s,calibration,19,True,8,8,False,False,0,0,0,0,False,NA_no_update
87,s,calibration,20,True,6,6,False,True,0,0,0,0,False,NA_no_update
87,s,calibration,21,False,7,2,False,False,2,0,5,0,False,NA_no_update
87,s,calibration,22,True,8,8,False,False,0,0,0,0,False,NA_no_update
87,s,calibration,23,True,6,5,False,False,0,0,0,0,False,NA_no_update
87,s,calibration,24,True,5,5,False,True,0,0,0,0,False,NA_no_update
87,s,calibration,25,True,5,5,False,False,0,0,0,0,False,NA_no_update
87,s,calibration,26,True,6,4,False,False,0,0,0,0,False,NA_no_update
87,s,calibration,27,True,5,3,False,True,0,3,0,2,False,NA_no_update
87,s,calibration,28,True,8,6,False,False,0,0,0,0,False,NA_no_update
87,s,calibration,29,True,3,3,False,True,0,0,0,0,False,NA_no_update
87,s,calibration,30,False,6,3,False,False,3,0,3,0,False,NA_no_update
87,s,calibration,31,True,5,5,False,True,0,0,0,0,False,NA_no_update
87,s,verification,0,True,5,5,False,False,0,0,0,0,False,NA_no_update
87,s,verification,1,True,6,6,False,False,0,0,0,0,False,NA_no_update
87,s,verification,2,False,6,0,False,False,0,0,6,0,False,NA_no_update
87,s,verification,3,True,7,7,False,False,0,0,0,0,False,NA_no_update
87,s,verification,4,False,8,4,False,False,4,0,4,0,False,NA_no_update
87,s,verification,5,True,5,5,False,True,0,0,0,0,False,NA_no_update
87,s,verification,6,False,8,4,False,False,4,0,4,0,False,NA_no_update
87,s,verification,7,True,5,5,False,True,0,0,0,0,False,NA_no_update
87,s,verification,8,True,6,5,False,False,0,0,0,0,False,NA_no_update
87,s,verification,9,False,8,3,False,False,3,0,5,0,False,NA_no_update
87,s,verification,10,True,6,6,False,True,0,0,0,0,False,NA_no_update
87,s,verification,11,True,4,2,False,False,0,0,0,0,False,NA_no_update
87,s,verification,12,True,7,7,False,True,0,0,0,0,False,NA_no_update
87,s,verification,13,False,7,1,False,False,1,0,6,0,False,NA_no_update
87,s,verification,14,True,6,6,False,True,0,0,0,0,False,NA_no_update
87,s,verification,15,True,6,5,False,True,0,5,0,1,False,NA_no_update
87,s,verification,16,True,2,1,False,False,0,0,0,0,False,NA_no_update
87,s,verification,17,True,4,4,False,True,0,0,0,0,False,NA_no_update
87,s,verification,18,False,8,4,False,False,4,0,4,0,False,NA_no_update
87,s,verification,19,True,6,4,False,False,0,0,0,0,False,NA_no_update
87,s,verification,20,True,8,6,False,False,0,0,0,0,False,NA_no_update
87,s,verification,21,True,8,6,False,True,0,0,0,0,False,NA_no_update
87,s,verification,22,False,8,0,False,False,0,0,8,0,False,NA_no_update
87,s,verification,23,True,4,3,False,True,0,3,0,1,False,NA_no_update
87,s,verification,24,True,7,7,False,False,0,0,0,0,False,NA_no_update
87,s,verification,25,True,6,6,False,True,0,0,0,0,False,NA_no_update
87,s,verification,26,False,3,0,False,True,0,0,3,3,False,NA_no_update
87,s,verification,27,True,8,5,False,True,0,0,0,0,False,NA_no_update
87,s,verification,28,True,4,4,False,True,0,0,0,0,False,NA_no_update
87,s,verification,29,False,8,3,False,False,3,0,5,0,False,NA_no_update
87,s,verification,30,True,7,7,False,False,0,0,0,0,False,NA_no_update
87,s,verification,31,True,6,6,False,False,0,0,0,0,False,NA_no_update
87,t,calibration,0,True,7,7,False,True,0,0,0,0,False,NA_no_update
87,t,calibration,1,False,7,1,False,True,1,0,6,0,True,NA_no_update
87,t,calibration,2,True,7,6,False,False,0,0,0,0,False,NA_no_update
87,t,calibration,3,True,6,5,False,True,0,0,0,0,False,NA_no_update
87,t,calibration,4,True,5,3,False,False,0,0,0,0,False,NA_no_update
87,t,calibration,5,True,4,3,False,True,0,3,0,1,False,NA_no_update
87,t,calibration,6,True,8,7,False,False,0,0,0,0,False,NA_no_update
87,t,calibration,7,True,7,6,False,False,0,0,0,0,False,NA_no_update
87,t,calibration,8,True,7,7,False,True,0,0,0,0,False,NA_no_update
87,t,calibration,9,False,7,2,False,False,2,0,5,0,False,NA_no_update
87,t,calibration,10,True,8,7,False,False,0,0,0,0,False,NA_no_update
87,t,calibration,11,True,6,4,False,False,0,0,0,0,False,NA_no_update
87,t,calibration,12,True,7,7,False,False,0,0,0,0,False,NA_no_update
87,t,calibration,13,False,5,2,False,False,2,0,3,0,False,NA_no_update
87,t,calibration,14,True,8,5,False,False,0,0,0,0,False,NA_no_update
87,t,calibration,15,False,7,1,False,False,1,0,6,0,False,NA_no_update
87,t,calibration,16,True,5,3,False,False,0,0,0,0,False,NA_no_update
87,t,calibration,17,True,6,3,False,True,0,3,0,3,False,NA_no_update
87,t,calibration,18,True,8,7,False,False,0,0,0,0,False,NA_no_update
87,t,calibration,19,True,5,5,False,False,0,0,0,0,False,NA_no_update
87,t,calibration,20,True,5,5,False,True,0,0,0,0,False,NA_no_update
87,t,calibration,21,False,6,3,False,False,3,0,3,0,False,NA_no_update
87,t,calibration,22,True,8,7,False,False,0,0,0,0,False,NA_no_update
87,t,calibration,23,True,6,6,False,False,0,0,0,0,False,NA_no_update
87,t,calibration,24,True,5,5,False,True,0,0,0,0,False,NA_no_update
87,t,calibration,25,True,8,6,False,False,0,0,0,0,False,NA_no_update
87,t,calibration,26,True,4,3,False,False,0,0,0,0,False,NA_no_update
87,t,calibration,27,False,5,2,False,True,2,2,3,3,False,NA_no_update
87,t,calibration,28,True,6,4,False,False,0,0,0,0,False,NA_no_update
87,t,calibration,29,True,4,4,False,True,0,0,0,0,False,NA_no_update
87,t,calibration,30,False,8,4,False,False,4,0,4,0,False,NA_no_update
87,t,calibration,31,True,6,6,False,True,0,0,0,0,False,NA_no_update
87,t,verification,0,True,7,5,False,False,0,0,0,0,False,NA_no_update
87,t,verification,1,True,6,4,False,False,0,0,0,0,False,NA_no_update
87,t,verification,2,False,7,0,False,False,0,0,7,0,False,NA_no_update
87,t,verification,3,True,7,7,False,False,0,0,0,0,False,NA_no_update
87,t,verification,4,False,8,2,False,False,2,0,6,0,False,NA_no_update
87,t,verification,5,True,7,7,False,True,0,0,0,0,False,NA_no_update
87,t,verification,6,True,7,4,False,False,0,0,0,0,False,NA_no_update
87,t,verification,7,True,8,8,False,True,0,0,0,0,False,NA_no_update
87,t,verification,8,True,8,5,False,False,0,0,0,0,False,NA_no_update
87,t,verification,9,True,7,6,False,False,0,0,0,0,False,NA_no_update
87,t,verification,10,True,4,2,False,True,0,0,0,0,False,NA_no_update
87,t,verification,11,False,5,2,False,False,2,0,3,0,False,NA_no_update
87,t,verification,12,True,8,8,False,True,0,0,0,0,False,NA_no_update
87,t,verification,13,False,8,2,False,False,2,0,6,0,False,NA_no_update
87,t,verification,14,True,6,6,False,True,0,0,0,0,False,NA_no_update
87,t,verification,15,True,7,4,False,True,0,4,0,3,False,NA_no_update
87,t,verification,16,True,6,4,False,False,0,0,0,0,False,NA_no_update
87,t,verification,17,True,3,3,False,True,0,0,0,0,False,NA_no_update
87,t,verification,18,False,6,3,False,False,3,0,3,0,False,NA_no_update
87,t,verification,19,True,6,4,False,False,0,0,0,0,False,NA_no_update
87,t,verification,20,True,8,7,False,False,0,0,0,0,False,NA_no_update
87,t,verification,21,False,7,3,False,True,3,0,4,0,True,NA_no_update
87,t,verification,22,False,4,0,True,False,0,0,4,0,False,NA_no_update
87,t,verification,23,False,5,2,False,True,2,2,3,3,False,NA_no_update
87,t,verification,24,True,7,7,False,False,0,0,0,0,False,NA_no_update
87,t,verification,25,True,7,7,False,True,0,0,0,0,False,NA_no_update
87,t,verification,26,True,3,3,False,True,0,0,0,0,False,NA_no_update
87,t,verification,27,False,4,1,False,True,1,0,3,0,True,NA_no_update
87,t,verification,28,True,5,5,False,True,0,0,0,0,False,NA_no_update
87,t,verification,29,True,6,3,False,False,0,0,0,0,False,NA_no_update
87,t,verification,30,True,7,7,False,False,0,0,0,0,False,NA_no_update
87,t,verification,31,True,7,7,False,False,0,0,0,0,False,NA_no_update
88,s,calibration,0,True,7,6,False,True,0,0,0,0,False,NA_no_update
88,s,calibration,1,True,8,6,False,True,0,0,0,0,False,NA_no_update
88,s,calibration,2,True,8,8,False,False,0,0,0,0,False,NA_no_update
88,s,calibration,3,True,8,4,False,True,0,0,0,0,False,NA_no_update
88,s,calibration,4,True,7,5,False,False,0,0,0,0,False,NA_no_update
88,s,calibration,5,True,5,3,False,True,0,3,0,2,False,NA_no_update
88,s,calibration,6,True,7,6,False,False,0,0,0,0,False,NA_no_update
88,s,calibration,7,True,2,2,False,False,0,0,0,0,False,NA_no_update
88,s,calibration,8,True,7,6,False,True,0,0,0,0,False,NA_no_update
88,s,calibration,9,False,7,1,False,False,1,0,6,0,False,NA_no_update
88,s,calibration,10,True,8,8,False,False,0,0,0,0,False,NA_no_update
88,s,calibration,11,True,8,5,False,False,0,0,0,0,False,NA_no_update
88,s,calibration,12,True,6,5,False,False,0,0,0,0,False,NA_no_update
88,s,calibration,13,False,6,1,False,False,1,0,5,0,False,NA_no_update
88,s,calibration,14,True,5,4,False,False,0,0,0,0,False,NA_no_update
88,s,calibration,15,False,7,2,False,False,2,0,5,0,False,NA_no_update
88,s,calibration,16,True,7,4,False,False,0,0,0,0,False,NA_no_update
88,s,calibration,17,True,8,4,False,True,0,4,0,4,False,NA_no_update
88,s,calibration,18,True,6,6,False,False,0,0,0,0,False,NA_no_update
88,s,calibration,19,True,7,7,False,False,0,0,0,0,False,NA_no_update
88,s,calibration,20,True,5,5,False,True,0,0,0,0,False,NA_no_update
88,s,calibration,21,False,6,0,False,False,0,0,6,0,False,NA_no_update
88,s,calibration,22,True,8,8,False,False,0,0,0,0,False,NA_no_update
88,s,calibration,23,True,7,7,False,False,0,0,0,0,False,NA_no_update
88,s,calibration,24,True,5,5,False,True,0,0,0,0,False,NA_no_update
88,s,calibration,25,True,6,5,False,False,0,0,0,0,False,NA_no_update
88,s,calibration,26,False,8,3,False,False,3,0,5,0,False,NA_no_update
88,s,calibration,27,True,6,5,False,True,0,5,0,1,False,NA_no_update
88,s,calibration,28,True,8,7,False,False,0,0,0,0,False,NA_no_update
88,s,calibration,29,True,4,4,False,True,0,0,0,0,False,NA_no_update
88,s,calibration,30,False,6,2,False,False,2,0,4,0,False,NA_no_update
88,s,calibration,31,True,7,7,False,True,0,0,0,0,False,NA_no_update
88,s,verification,0,True,8,7,False,False,0,0,0,0,False,NA_no_update
88,s,verification,1,True,7,6,False,False,0,0,0,0,False,NA_no_update
88,s,verification,2,False,7,0,False,False,0,0,7,0,False,NA_no_update
88,s,verification,3,True,4,3,False,False,0,0,0,0,False,NA_no_update
88,s,verification,4,True,5,4,False,False,0,0,0,0,False,NA_no_update
88,s,verification,5,True,7,7,False,True,0,0,0,0,False,NA_no_update
88,s,verification,6,True,7,7,False,False,0,0,0,0,False,NA_no_update
88,s,verification,7,True,3,3,False,True,0,0,0,0,False,NA_no_update
88,s,verification,8,True,7,6,False,False,0,0,0,0,False,NA_no_update
88,s,verification,9,False,7,2,False,False,2,0,5,0,False,NA_no_update
88,s,verification,10,True,8,4,False,True,0,0,0,0,False,NA_no_update
88,s,verification,11,True,1,1,False,False,0,0,0,0,False,NA_no_update
88,s,verification,12,True,4,4,False,True,0,0,0,0,False,NA_no_update
88,s,verification,13,False,8,1,False,False,1,0,7,0,False,NA_no_update
88,s,verification,14,True,4,4,False,True,0,0,0,0,False,NA_no_update
88,s,verification,15,True,5,4,False,True,0,4,0,1,False,NA_no_update
88,s,verification,16,True,8,4,False,False,0,0,0,0,False,NA_no_update
88,s,verification,17,True,5,5,False,True,0,0,0,0,False,NA_no_update
88,s,verification,18,False,8,3,False,False,3,0,5,0,False,NA_no_update
88,s,verification,19,True,6,6,False,False,0,0,0,0,False,NA_no_update
88,s,verification,20,True,8,7,False,False,0,0,0,0,False,NA_no_update
88,s,verification,21,True,6,3,False,True,0,0,0,0,False,NA_no_update
88,s,verification,22,False,8,2,False,False,2,0,6,0,False,NA_no_update
88,s,verification,23,True,3,3,False,True,0,0,0,0,False,NA_no_update
88,s,verification,24,True,8,8,False,False,0,0,0,0,False,NA_no_update
88,s,verification,25,True,8,8,False,True,0,0,0,0,False,NA_no_update
88,s,verification,26,True,6,4,False,True,0,4,0,2,False,NA_no_update
88,s,verification,27,True,8,7,False,True,0,0,0,0,False,NA_no_update
88,s,verification,28,True,5,5,False,True,0,0,0,0,False,NA_no_update
88,s,verification,29,True,6,5,False,False,0,0,0,0,False,NA_no_update
88,s,verification,30,True,8,7,False,False,0,0,0,0,False,NA_no_update
88,s,verification,31,True,6,6,False,False,0,0,0,0,False,NA_no_update
88,t,calibration,0,True,8,7,False,True,0,0,0,0,False,NA_no_update
88,t,calibration,1,False,5,2,False,True,2,0,3,0,True,NA_no_update
88,t,calibration,2,True,5,5,False,False,0,0,0,0,False,NA_no_update
88,t,calibration,3,False,5,0,False,True,0,0,5,0,False,NA_no_update
88,t,calibration,4,True,6,4,False,False,0,0,0,0,False,NA_no_update
88,t,calibration,5,False,5,2,False,True,2,2,3,3,False,NA_no_update
88,t,calibration,6,True,7,5,False,False,0,0,0,0,False,NA_no_update
88,t,calibration,7,True,4,3,False,False,0,0,0,0,False,NA_no_update
88,t,calibration,8,True,4,4,False,True,0,0,0,0,False,NA_no_update
88,t,calibration,9,False,7,2,False,False,2,0,5,0,False,NA_no_update
88,t,calibration,10,True,8,8,False,False,0,0,0,0,False,NA_no_update
88,t,calibration,11,False,4,0,False,False,0,0,4,0,False,NA_no_update
88,t,calibration,12,True,6,5,False,False,0,0,0,0,False,NA_no_update
88,t,calibration,13,False,6,1,False,False,1,0,5,0,False,NA_no_update
88,t,calibration,14,True,4,3,False,False,0,0,0,0,False,NA_no_update
88,t,calibration,15,False,6,2,False,False,2,0,4,0,False,NA_no_update
88,t,calibration,16,False,7,3,False,False,3,0,4,0,False,NA_no_update
88,t,calibration,17,False,6,1,False,True,1,1,5,5,False,NA_no_update
88,t,calibration,18,True,5,4,False,False,0,0,0,0,False,NA_no_update
88,t,calibration,19,True,6,6,False,False,0,0,0,0,False,NA_no_update
88,t,calibration,20,True,6,6,False,True,0,0,0,0,False,NA_no_update
88,t,calibration,21,True,7,4,False,False,0,0,0,0,False,NA_no_update
88,t,calibration,22,True,6,5,False,False,0,0,0,0,False,NA_no_update
88,t,calibration,23,True,5,4,False,False,0,0,0,0,False,NA_no_update
88,t,calibration,24,True,7,7,False,True,0,0,0,0,False,NA_no_update
88,t,calibration,25,True,8,7,False,False,0,0,0,0,False,NA_no_update
88,t,calibration,26,False,5,2,False,False,2,0,3,0,False,NA_no_update
88,t,calibration,27,True,5,4,False,True,0,4,0,1,False,NA_no_update
88,t,calibration,28,True,7,4,False,False,0,0,0,0,False,NA_no_update
88,t,calibration,29,True,2,2,False,True,0,0,0,0,False,NA_no_update
88,t,calibration,30,False,8,4,False,False,4,0,4,0,False,NA_no_update
88,t,calibration,31,True,5,5,False,True,0,0,0,0,False,NA_no_update
88,t,verification,0,True,5,5,False,False,0,0,0,0,False,NA_no_update
88,t,verification,1,True,8,8,False,False,0,0,0,0,False,NA_no_update
88,t,verification,2,False,4,0,False,False,0,0,4,0,False,NA_no_update
88,t,verification,3,False,7,3,False,False,3,0,4,0,False,NA_no_update
88,t,verification,4,True,3,2,False,False,0,0,0,0,False,NA_no_update
88,t,verification,5,True,7,7,False,True,0,0,0,0,False,NA_no_update
88,t,verification,6,False,5,1,False,False,1,0,4,0,False,NA_no_update
88,t,verification,7,True,6,6,False,True,0,0,0,0,False,NA_no_update
88,t,verification,8,False,7,3,False,False,3,0,4,0,False,NA_no_update
88,t,verification,9,True,8,4,False,False,0,0,0,0,False,NA_no_update
88,t,verification,10,True,7,7,False,True,0,0,0,0,False,NA_no_update
88,t,verification,11,True,5,3,False,False,0,0,0,0,False,NA_no_update
88,t,verification,12,True,7,7,False,True,0,0,0,0,False,NA_no_update
88,t,verification,13,False,8,4,False,False,4,0,4,0,False,NA_no_update
88,t,verification,14,True,6,6,False,True,0,0,0,0,False,NA_no_update
88,t,verification,15,False,4,2,False,True,2,2,2,2,False,NA_no_update
88,t,verification,16,False,5,1,False,False,1,0,4,0,False,NA_no_update
88,t,verification,17,True,6,6,False,True,0,0,0,0,False,NA_no_update
88,t,verification,18,False,6,1,False,False,1,0,5,0,False,NA_no_update
88,t,verification,19,True,6,4,False,False,0,0,0,0,False,NA_no_update
88,t,verification,20,True,7,6,False,False,0,0,0,0,False,NA_no_update
88,t,verification,21,True,6,3,False,True,0,0,0,0,False,NA_no_update
88,t,verification,22,False,6,1,False,False,1,0,5,0,False,NA_no_update
88,t,verification,23,True,4,3,False,True,0,3,0,1,False,NA_no_update
88,t,verification,24,True,6,6,False,False,0,0,0,0,False,NA_no_update
88,t,verification,25,True,3,3,False,True,0,0,0,0,False,NA_no_update
88,t,verification,26,True,4,2,False,True,0,2,0,2,False,NA_no_update
88,t,verification,27,True,6,5,False,True,0,0,0,0,False,NA_no_update
88,t,verification,28,True,5,4,False,True,0,0,0,0,False,NA_no_update
88,t,verification,29,True,6,3,False,False,0,0,0,0,False,NA_no_update
88,t,verification,30,True,5,4,False,False,0,0,0,0,False,NA_no_update
88,t,verification,31,True,6,6,False,False,0,0,0,0,False,NA_no_update
89,s,calibration,0,True,7,7,False,True,0,0,0,0,False,NA_no_update
89,s,calibration,1,True,8,7,False,True,0,0,0,0,False,NA_no_update
89,s,calibration,2,True,8,7,False,False,0,0,0,0,False,NA_no_update
89,s,calibration,3,True,7,4,False,True,0,0,0,0,False,NA_no_update
89,s,calibration,4,True,8,6,False,False,0,0,0,0,False,NA_no_update
89,s,calibration,5,True,6,5,False,True,0,5,0,1,False,NA_no_update
89,s,calibration,6,True,8,8,False,False,0,0,0,0,False,NA_no_update
89,s,calibration,7,True,4,4,False,False,0,0,0,0,False,NA_no_update
89,s,calibration,8,True,4,4,False,True,0,0,0,0,False,NA_no_update
89,s,calibration,9,False,7,3,False,False,3,0,4,0,False,NA_no_update
89,s,calibration,10,True,7,7,False,False,0,0,0,0,False,NA_no_update
89,s,calibration,11,True,8,6,False,False,0,0,0,0,False,NA_no_update
89,s,calibration,12,True,8,7,False,False,0,0,0,0,False,NA_no_update
89,s,calibration,13,False,8,0,False,False,0,0,8,0,False,NA_no_update
89,s,calibration,14,True,6,4,False,False,0,0,0,0,False,NA_no_update
89,s,calibration,15,True,7,4,False,False,0,0,0,0,False,NA_no_update
89,s,calibration,16,True,7,4,False,False,0,0,0,0,False,NA_no_update
89,s,calibration,17,True,7,5,False,True,0,5,0,2,False,NA_no_update
89,s,calibration,18,True,6,6,False,False,0,0,0,0,False,NA_no_update
89,s,calibration,19,True,6,6,False,False,0,0,0,0,False,NA_no_update
89,s,calibration,20,True,4,4,False,True,0,0,0,0,False,NA_no_update
89,s,calibration,21,False,7,1,False,False,1,0,6,0,False,NA_no_update
89,s,calibration,22,True,7,7,False,False,0,0,0,0,False,NA_no_update
89,s,calibration,23,True,7,7,False,False,0,0,0,0,False,NA_no_update
89,s,calibration,24,True,6,6,False,True,0,0,0,0,False,NA_no_update
89,s,calibration,25,True,8,8,False,False,0,0,0,0,False,NA_no_update
89,s,calibration,26,True,7,4,False,False,0,0,0,0,False,NA_no_update
89,s,calibration,27,False,5,1,False,True,1,1,4,4,False,NA_no_update
89,s,calibration,28,True,8,8,False,False,0,0,0,0,False,NA_no_update
89,s,calibration,29,True,2,2,False,True,0,0,0,0,False,NA_no_update
89,s,calibration,30,True,8,7,False,False,0,0,0,0,False,NA_no_update
89,s,calibration,31,True,6,6,False,True,0,0,0,0,False,NA_no_update
89,s,verification,0,True,8,7,False,False,0,0,0,0,False,NA_no_update
89,s,verification,1,True,8,7,False,False,0,0,0,0,False,NA_no_update
89,s,verification,2,False,4,0,False,False,0,0,4,0,False,NA_no_update
89,s,verification,3,True,7,6,False,False,0,0,0,0,False,NA_no_update
89,s,verification,4,True,8,5,False,False,0,0,0,0,False,NA_no_update
89,s,verification,5,True,7,7,True,True,0,0,0,0,False,NA_no_update
89,s,verification,6,True,8,5,False,False,0,0,0,0,False,NA_no_update
89,s,verification,7,True,4,4,False,True,0,0,0,0,False,NA_no_update
89,s,verification,8,True,6,4,False,False,0,0,0,0,False,NA_no_update
89,s,verification,9,False,7,1,False,False,1,0,6,0,False,NA_no_update
89,s,verification,10,True,7,6,False,True,0,0,0,0,False,NA_no_update
89,s,verification,11,True,5,5,False,False,0,0,0,0,False,NA_no_update
89,s,verification,12,True,4,4,False,True,0,0,0,0,False,NA_no_update
89,s,verification,13,False,8,3,False,False,3,0,5,0,False,NA_no_update
89,s,verification,14,True,4,4,False,True,0,0,0,0,False,NA_no_update
89,s,verification,15,True,8,7,False,True,0,7,0,1,False,NA_no_update
89,s,verification,16,False,7,2,False,False,2,0,5,0,False,NA_no_update
89,s,verification,17,True,6,6,False,True,0,0,0,0,False,NA_no_update
89,s,verification,18,False,8,3,False,False,3,0,5,0,False,NA_no_update
89,s,verification,19,True,7,6,False,False,0,0,0,0,False,NA_no_update
89,s,verification,20,True,8,7,False,False,0,0,0,0,False,NA_no_update
89,s,verification,21,True,8,4,False,True,0,0,0,0,False,NA_no_update
89,s,verification,22,False,7,1,False,False,1,0,6,0,False,NA_no_update
89,s,verification,23,True,6,5,False,True,0,5,0,1,False,NA_no_update
89,s,verification,24,True,8,8,False,False,0,0,0,0,False,NA_no_update
89,s,verification,25,True,7,7,False,True,0,0,0,0,False,NA_no_update
89,s,verification,26,False,3,1,False,True,1,1,2,2,False,NA_no_update
89,s,verification,27,True,7,7,False,True,0,0,0,0,False,NA_no_update
89,s,verification,28,True,3,3,False,True,0,0,0,0,False,NA_no_update
89,s,verification,29,False,5,2,False,False,2,0,3,0,False,NA_no_update
89,s,verification,30,True,8,7,False,False,0,0,0,0,False,NA_no_update
89,s,verification,31,True,7,6,False,False,0,0,0,0,False,NA_no_update
89,t,calibration,0,True,7,4,False,True,0,0,0,0,False,NA_no_update
89,t,calibration,1,True,6,3,False,True,0,0,0,0,False,NA_no_update
89,t,calibration,2,True,6,6,False,False,0,0,0,0,False,NA_no_update
89,t,calibration,3,False,5,0,False,True,0,0,5,0,False,NA_no_update
89,t,calibration,4,False,5,0,False,False,0,0,5,0,False,NA_no_update
89,t,calibration,5,True,3,3,True,True,0,0,0,0,False,NA_no_update
89,t,calibration,6,True,7,6,False,False,0,0,0,0,False,NA_no_update
89,t,calibration,7,True,4,4,False,False,0,0,0,0,False,NA_no_update
89,t,calibration,8,True,7,6,False,True,0,0,0,0,False,NA_no_update
89,t,calibration,9,False,8,3,False,False,3,0,5,0,False,NA_no_update
89,t,calibration,10,True,8,8,False,False,0,0,0,0,False,NA_no_update
89,t,calibration,11,False,6,1,False,False,1,0,5,0,False,NA_no_update
89,t,calibration,12,True,8,7,False,False,0,0,0,0,False,NA_no_update
89,t,calibration,13,False,5,1,False,False,1,0,4,0,False,NA_no_update
89,t,calibration,14,True,7,6,False,False,0,0,0,0,False,NA_no_update
89,t,calibration,15,True,8,5,False,False,0,0,0,0,False,NA_no_update
89,t,calibration,16,True,5,3,False,False,0,0,0,0,False,NA_no_update
89,t,calibration,17,True,6,5,False,True,0,5,0,1,False,NA_no_update
89,t,calibration,18,True,7,5,False,False,0,0,0,0,False,NA_no_update
89,t,calibration,19,True,6,6,False,False,0,0,0,0,False,NA_no_update
89,t,calibration,20,True,3,3,False,True,0,0,0,0,False,NA_no_update
89,t,calibration,21,False,5,2,False,False,2,0,3,0,False,NA_no_update
89,t,calibration,22,True,4,4,False,False,0,0,0,0,False,NA_no_update
89,t,calibration,23,True,5,5,False,False,0,0,0,0,False,NA_no_update
89,t,calibration,24,True,5,5,False,True,0,0,0,0,False,NA_no_update
89,t,calibration,25,True,8,6,False,False,0,0,0,0,False,NA_no_update
89,t,calibration,26,False,6,2,False,False,2,0,4,0,False,NA_no_update
89,t,calibration,27,True,6,4,False,True,0,4,0,2,False,NA_no_update
89,t,calibration,28,True,8,7,False,False,0,0,0,0,False,NA_no_update
89,t,calibration,29,True,4,4,False,True,0,0,0,0,False,NA_no_update
89,t,calibration,30,True,8,6,False,False,0,0,0,0,False,NA_no_update
89,t,calibration,31,True,5,5,False,True,0,0,0,0,False,NA_no_update
89,t,verification,0,True,8,6,False,False,0,0,0,0,False,NA_no_update
89,t,verification,1,True,6,6,False,False,0,0,0,0,False,NA_no_update
89,t,verification,2,False,6,0,False,False,0,0,6,0,False,NA_no_update
89,t,verification,3,True,7,5,False,False,0,0,0,0,False,NA_no_update
89,t,verification,4,False,7,3,False,False,3,0,4,0,False,NA_no_update
89,t,verification,5,True,6,6,False,True,0,0,0,0,False,NA_no_update
89,t,verification,6,True,8,7,False,False,0,0,0,0,False,NA_no_update
89,t,verification,7,True,6,6,False,True,0,0,0,0,False,NA_no_update
89,t,verification,8,True,6,4,False,False,0,0,0,0,False,NA_no_update
89,t,verification,9,True,8,4,False,False,0,0,0,0,False,NA_no_update
89,t,verification,10,True,7,5,False,True,0,0,0,0,False,NA_no_update
89,t,verification,11,False,3,0,False,False,0,0,3,0,False,NA_no_update
89,t,verification,12,True,6,6,False,True,0,0,0,0,False,NA_no_update
89,t,verification,13,False,6,0,False,False,0,0,6,0,False,NA_no_update
89,t,verification,14,True,5,5,False,True,0,0,0,0,False,NA_no_update
89,t,verification,15,False,6,3,False,True,3,3,3,3,False,NA_no_update
89,t,verification,16,True,5,3,False,False,0,0,0,0,False,NA_no_update
89,t,verification,17,True,6,6,False,True,0,0,0,0,False,NA_no_update
89,t,verification,18,True,8,5,False,False,0,0,0,0,False,NA_no_update
89,t,verification,19,False,5,2,False,False,2,0,3,0,False,NA_no_update
89,t,verification,20,True,8,7,False,False,0,0,0,0,False,NA_no_update
89,t,verification,21,True,6,3,False,True,0,0,0,0,False,NA_no_update
89,t,verification,22,True,8,5,False,False,0,0,0,0,False,NA_no_update
89,t,verification,23,True,7,5,False,True,0,5,0,2,False,NA_no_update
89,t,verification,24,True,6,5,False,False,0,0,0,0,False,NA_no_update
89,t,verification,25,True,7,7,False,True,0,0,0,0,False,NA_no_update
89,t,verification,26,True,5,5,False,True,0,0,0,0,False,NA_no_update
89,t,verification,27,True,7,5,False,True,0,0,0,0,False,NA_no_update
89,t,verification,28,True,5,5,False,True,0,0,0,0,False,NA_no_update
89,t,verification,29,True,4,2,False,False,0,0,0,0,False,NA_no_update
89,t,verification,30,True,7,7,False,False,0,0,0,0,False,NA_no_update
89,t,verification,31,True,7,7,False,False,0,0,0,0,False,NA_no_update
