block_sampler,check,passed
calibration_s,coverage_at_least_half,False
calibration_s,at_least_twelve_correct_targets,False
calibration_s,accepted_precision_at_least_three_quarters,False
calibration_s,correct_negative_rate_lower,True
calibration_s,wrong_positive_rate_ten_pp_lower,False
calibration_s,correct_minority_rescued,True
calibration_t,coverage_at_least_half,False
calibration_t,at_least_twelve_correct_targets,False
calibration_t,accepted_precision_at_least_three_quarters,False
calibration_t,correct_negative_rate_lower,True
calibration_t,wrong_positive_rate_ten_pp_lower,False
calibration_t,correct_minority_rescued,True
verification_s,coverage_at_least_half,False
verification_s,at_least_twelve_correct_targets,False
verification_s,accepted_precision_at_least_three_quarters,True
verification_s,correct_negative_rate_lower,True
verification_s,wrong_positive_rate_ten_pp_lower,True
verification_s,correct_minority_rescued,False
verification_t,coverage_at_least_half,False
verification_t,at_least_twelve_correct_targets,False
verification_t,accepted_precision_at_least_three_quarters,True
verification_t,correct_negative_rate_lower,True
verification_t,wrong_positive_rate_ten_pp_lower,True
verification_t,correct_minority_rescued,True
