seed,arm,metric,numerator,denominator,percent
51,m,correct_negative,14,22,63.63636363636363
51,m,wrong_positive,59,67,88.05970149253731
51,m,target_accuracy,2,16,12.5
51,v,correct_negative,8,23,34.78260869565217
51,v,wrong_positive,51,66,77.27272727272727
51,v,target_accuracy,4,16,25.0
52,m,correct_negative,9,17,52.94117647058823
52,m,wrong_positive,68,76,89.47368421052632
52,m,target_accuracy,2,16,12.5
52,v,correct_negative,14,24,58.333333333333336
52,v,wrong_positive,58,68,85.29411764705883
52,v,target_accuracy,3,16,18.75
53,m,correct_negative,6,17,35.294117647058826
53,m,wrong_positive,63,74,85.13513513513513
53,m,target_accuracy,3,16,18.75
53,v,correct_negative,8,16,50.0
53,v,wrong_positive,62,70,88.57142857142857
53,v,target_accuracy,2,16,12.5
