actor,group,module,tokens,selected_tokens,zero_advantage,all_invalid,band_coefficient,kl_coefficient,policy_loss,band_raw_loss,kl_raw_loss,recompute_max_error,policy_norm,band_raw_norm,band_weighted_norm,kl_raw_norm,kl_weighted_norm,band_policy_ratio,kl_policy_ratio,policy_band_cosine,policy_kl_cosine,band_kl_cosine,composite_norm,composite_over_sum_norms
base,S01,visual.patch_embed.proj.weight,1101,390,False,False,0.01,0.01,0.027672485448420048,0.13930026930756867,0.0,0.0,2.79632676797546,3.6768455788891714,0.03676845497089633,2.1513699958757763e-05,2.1513699480672665e-07,0.013148840611899117,7.693557035985668e-08,0.729875068002708,-0.5935148425621559,-0.8875302144018924,2.8232749012776392,0.9965336371398924
base,S01,visual.blocks.31.attn.qkv.weight,1101,390,False,False,0.01,0.01,0.027672485448420048,0.13930026930756867,0.0,0.0,0.09883424002001139,0.1244951748847941,0.0012449517208927324,3.122530202592675e-07,3.122530132789636e-09,0.012596360539026371,3.1593606954001004e-08,0.44088368168427333,-0.16830808332337002,-0.5842462337227649,0.0993894004578256,0.9931075144384411
base,S01,model.layers.0.self_attn.q_proj.weight,1101,390,False,False,0.01,0.01,0.027672485448420048,0.13930026930756867,0.0,0.0,0.04089614879770434,0.07026314336095262,0.0007026314178616179,2.0057052604712585e-07,2.005705215514108e-09,0.017180870045666975,4.904386536334923e-08,0.10233678524125245,0.09935418225366045,-0.45382493551569586,0.04097401575181032,0.9849811355982103
base,S01,model.layers.18.self_attn.q_proj.weight,1101,390,False,False,0.01,0.01,0.027672485448420048,0.13930026930756867,0.0,0.0,0.09872800371076079,0.1545802475646866,0.001545802440616752,4.3604458972292124e-07,4.360445801474483e-09,0.015657183195412552,4.416625108970191e-08,-0.07148861941639377,0.10297541255263193,-0.5082463353289872,0.09862954908064053,0.9836022843573006
base,S01,model.layers.35.self_attn.q_proj.weight,1101,390,False,False,0.01,0.01,0.027672485448420048,0.13930026930756867,0.0,0.0,0.043483192793730814,0.05760593358545853,0.0005760593229690624,2.113166857729505e-07,2.1131668102321397e-09,0.013247861666959185,4.859732403405311e-08,-0.06369115295588353,0.1296911525452357,-0.20238116764187905,0.04345030648608521,0.9861788912584751
base,S01,vision,1101,390,False,False,0.01,0.01,0.027672485448420048,0.13930026930756867,0.0,0.0,2.798072836845393,3.6789526307846123,0.03678952548938211,2.151596588268844e-05,2.1515965404529672e-07,0.013148165767857354,7.689565875914521e-08,0.7295288338180844,-0.5931682857936696,-0.8872154085511844,2.8250237912463505,0.9965293604260795
base,S01,language,1101,390,False,False,0.01,0.01,0.027672485448420048,0.13930026930756867,0.0,0.0,0.11537114786067686,0.1793053424643314,0.0017930533841347834,5.244217404251797e-07,5.244217288304444e-09,0.0155416099898745,4.5455188628593724e-08,-0.046237121540101976,0.10643625127685678,-0.45853731287367205,0.11530215545433535,0.9841073388324622
base,S01,all_selected,1101,390,False,False,0.01,0.01,0.027672485448420048,0.13930026930756867,0.0,0.0,2.800450339151734,3.6833195442940205,0.03683319462348814,2.152235595906063e-05,2.1522355480716905e-07,0.013152596962188961,7.68531945731132e-08,0.7279525669122159,-0.5923818943606811,-0.8864443280289747,2.8273758165763128,0.9965079515131469
base,S02,visual.patch_embed.proj.weight,740,273,False,False,0.01,0.01,-0.0986484456807375,0.17214936204254627,0.0,0.0,2.8950836931207213,2.510095431105228,0.025100953748558388,1.1697508313844287e-05,1.1697508052145828e-07,0.00867019969343308,4.040473192516462e-08,0.30655713111303645,-0.33442187295594683,-0.3994189659045177,2.9028768711420665,0.9940730145172361
base,S02,visual.blocks.31.attn.qkv.weight,740,273,False,False,0.01,0.01,-0.0986484456807375,0.17214936204254627,0.0,0.0,0.11333113547002234,0.09801483738508024,0.0009801483521418963,4.34050760033836e-07,4.340507498268883e-09,0.008648535533301518,3.8299338308641647e-08,0.25318673142851295,0.007828045531278903,-0.34708175265421554,0.11358325401590935,0.9936311263877426
base,S02,model.layers.0.self_attn.q_proj.weight,740,273,False,False,0.01,0.01,-0.0986484456807375,0.17214936204254627,0.0,0.0,0.163090046554684,0.15372103440621324,0.001537210309367417,5.524581417869502e-07,5.524581295383391e-09,0.009425531121250805,3.3874423437183835e-08,-0.09775729686606681,0.1292439106176436,-0.40014491899730903,0.16294695492451314,0.989793261214823
base,S02,model.layers.18.self_attn.q_proj.weight,740,273,False,False,0.01,0.01,-0.0986484456807375,0.17214936204254627,0.0,0.0,0.11163296631718307,0.14090389418817706,0.0014090389097858986,4.012491687631286e-07,4.012491597616714e-09,0.012622068160245713,3.594360814722069e-08,0.29109005108200814,-0.053247457433240164,-0.4708313444693781,0.11205123243560662,0.9912353220672576
base,S02,model.layers.35.self_attn.q_proj.weight,740,273,False,False,0.01,0.01,-0.0986484456807375,0.17214936204254627,0.0,0.0,0.04787646188737681,0.04860114894884833,0.00048601147840328336,2.6092713665852103e-07,2.609271307412846e-09,0.010151365812005125,5.450008635873761e-08,0.09983507428822727,-0.007018692323662968,0.013271468731939512,0.047927422573733273,0.9910043191018062
base,S02,vision,740,273,False,False,0.01,0.01,-0.0986484456807375,0.17214936204254627,0.0,0.0,2.897301077965769,2.512008356195949,0.02512008299904964,1.1705558543461377e-05,1.1705558281576738e-07,0.00867016658713521,4.0401594334115094e-08,0.3064756729522619,-0.33392476144357486,-0.3993424915801647,2.9050981540396643,0.9940723385396126
base,S02,language,740,273,False,False,0.01,0.01,-0.0986484456807375,0.17214936204254627,0.0,0.0,0.20335298880655717,0.21411710696509528,0.002141171021111002,7.309540782438441e-07,7.309540619348489e-09,0.010529331453042108,3.5945085745957775e-08,0.05420585644330197,0.06170649329280814,-0.386132067192602,0.2034802856398488,0.9901998118709846
base,S02,all_selected,740,273,False,False,0.01,0.01,-0.0986484456807375,0.17214936204254627,0.0,0.0,2.9044286829495634,2.5211172358898235,0.02521117179386961,1.1728358567102598e-05,1.1728358304721919e-07,0.008680251624655716,4.0380947804203966e-08,0.3049413031554873,-0.3321884738789843,-0.3991699746058098,2.9122155674416246,0.9940523734138789
m54,S01,visual.patch_embed.proj.weight,1101,405,False,False,0.01,0.01,0.00023449677973985672,0.14514159178361297,0.008697687298990786,0.0,4.446129225769349,1.9409414183167288,0.019409413750957036,2.5865218791023112,0.025865218211703265,0.0043654632524988005,0.0058174688359912885,0.6018143842494471,-0.6729767067938239,-0.5960675829033116,4.440450070444136,0.9886552648343668
m54,S01,visual.blocks.31.attn.qkv.weight,1101,405,False,False,0.01,0.01,0.00023449677973985672,0.14514159178361297,0.008697687298990786,0.0,0.08416280891917892,0.09803370473053087,0.0009803370253088377,0.08169547527736427,0.0008169547344471055,0.011648102503924862,0.009706837793776853,0.1025111663766642,0.3484950774801454,-0.30075752313074844,0.08455391294173421,0.9836413902950994
m54,S01,model.layers.0.self_attn.q_proj.weight,1101,405,False,False,0.01,0.01,0.00023449677973985672,0.14514159178361297,0.008697687298990786,0.0,0.04080791486902211,0.06933665598485013,0.0006933665442586776,0.07112683067675249,0.0007112682907783947,0.01699098193289514,0.01742966512896568,0.13081417923091979,0.4021708789907575,0.4997355098087438,0.04120090460190125,0.9760344942617702
m54,S01,model.layers.18.self_attn.q_proj.weight,1101,405,False,False,0.01,0.01,0.00023449677973985672,0.14514159178361297,0.008697687298990786,0.0,0.09768082811092406,0.1532786305670781,0.0015327862709918606,0.11712756923222437,0.0011712756666356816,0.01569178210949711,0.011990844972215104,-0.014548285193392973,0.29798447974254016,0.2773780892648337,0.09803106909309205,0.9765520393126783
m54,S01,model.layers.35.self_attn.q_proj.weight,1101,405,False,False,0.01,0.01,0.00023449677973985672,0.14514159178361297,0.008697687298990786,0.0,0.04555990706090502,0.0615659675375106,0.0006156596616072987,0.015395895291579347,0.00015395894947037411,0.013513189585401868,0.0033792639055334325,-0.05657141950320814,0.2753939583275011,-0.3588046078022183,0.04557114971368698,0.98363082834767
m54,S01,vision,1101,405,False,False,0.01,0.01,0.00023449677973985672,0.14514159178361297,0.008697687298990786,0.0,4.4469257325357905,1.9434156005828793,0.019434155573085286,2.5878117361514406,0.025878116781885972,0.004370245140568889,0.005819327404671852,0.6010384201620432,-0.672312571935491,-0.5954909517321963,4.441255024461235,0.9886508728224058
m54,S01,language,1101,405,False,False,0.01,0.01,0.00023449677973985672,0.14514159178361297,0.008697687298990786,0.0,0.11524988168215115,0.17914317963682513,0.0017914317559325215,0.13789462320238952,0.001378946201575358,0.015543892364880076,0.011964838327369116,-0.00030830114404679584,0.30012969223774816,0.2875882187996119,0.11569068559645544,0.9769501092844298
m54,S01,all_selected,1101,405,False,False,0.01,0.01,0.00023449677973985672,0.14514159178361297,0.008697687298990786,0.0,4.448418933288972,1.9516548043581998,0.019516547609007215,2.5914830713123393,0.02591483013263298,0.004387299825328616,0.005825627154561331,0.598299414215754,-0.6707210016796642,-0.5907322836852534,4.442761587913072,0.9886314141367509
m54,S02,visual.patch_embed.proj.weight,740,268,False,False,0.01,0.01,-0.07567551918327808,0.15617147460579872,0.01059294753940776,0.0,2.7915615291597646,2.5493455554148388,0.02549345498521144,2.4314642444185264,0.024314641899139185,0.009132327809691783,0.008710050502256948,-0.09222131948494962,-0.04681435169126058,-0.45580385348234853,2.7881912672845224,0.9812842516960281
m54,S02,visual.blocks.31.attn.qkv.weight,740,268,False,False,0.01,0.01,-0.07567551918327808,0.15617147460579872,0.01059294753940776,0.0,0.1069706736430472,0.09839457067035295,0.0009839456846398077,0.11147734948841599,0.0011147734699552983,0.009198275107840844,0.010421299894541288,-0.006417981815447173,-0.18400054497147825,-0.5505593602268258,0.10676372814115906,0.978860571262545
m54,S02,model.layers.0.self_attn.q_proj.weight,740,268,False,False,0.01,0.01,-0.07567551918327808,0.15617147460579872,0.01059294753940776,0.0,0.15489911287168937,0.1440390396480644,0.0014403903644128106,0.1780965458574219,0.0017809654174528137,0.009298893568266964,0.011497583068329615,-0.21354614737943844,0.2709410285702145,0.5476243586511758,0.15509993408807818,0.9808972576972632
m54,S02,model.layers.18.self_attn.q_proj.weight,740,268,False,False,0.01,0.01,-0.07567551918327808,0.15617147460579872,0.01059294753940776,0.0,0.10781286571248466,0.13350765796756406,0.0013350765491142642,0.12697953384538088,0.0012697953099838916,0.012383276710913577,0.011777771619299887,0.19001314280232393,-0.1848572177470184,-0.06003339786983619,0.10784661174346241,0.9767145579626321
m54,S02,model.layers.35.self_attn.q_proj.weight,740,268,False,False,0.01,0.01,-0.07567551918327808,0.15617147460579872,0.01059294753940776,0.0,0.04803813499169667,0.04807211555359257,0.0004807211446659605,0.013942806951784731,0.0001394280664098408,0.01000707343757314,0.002902445451596752,0.15592114482428274,-0.11007383474540328,-0.22785273264600764,0.04809999211092472,0.9885262684248957
m54,S02,vision,740,268,False,False,0.01,0.01,-0.07567551918327808,0.15617147460579872,0.01059294753940776,0.0,2.793610297821296,2.5512436677915584,0.025512436108552316,2.4340183999586693,0.024340183453957918,0.009132424851257587,0.008712805602463786,-0.0920946026403504,-0.047053616670263636,-0.4559592845616969,2.790234584512344,0.9812804547068136
m54,S02,language,740,268,False,False,0.01,0.01,-0.07567551918327808,0.15617147460579872,0.01059294753940776,0.0,0.1947434507109525,0.202194134366452,0.002021941298062559,0.21917249719625728,0.0021917249218620155,0.010382589456441443,0.01125442172181224,-0.04239771583386778,0.11409906718954871,0.2905915148254172,0.19493714489482192,0.9797947814178882
m54,S02,all_selected,740,268,False,False,0.01,0.01,-0.07567551918327808,0.15617147460579872,0.01059294753940776,0.0,2.8003898849404676,2.5592433882740493,0.025592433311527992,2.443866230970763,0.02443866176174115,0.009138882213921456,0.008726878315467377,-0.09181741286978753,-0.046038955150982,-0.45064348196276743,2.7970358465828635,0.9812711407173911
v54,S01,visual.patch_embed.proj.weight,1101,393,False,False,0.01,1.0,0.004924744367599487,0.13981038588099182,0.003982335445471108,0.0,2.885486850510789,1.4602260570574657,0.014602260245305325,0.9948694035491451,0.9948694035491451,0.005060588040011491,0.3447838978621695,-0.22858565561066335,0.5298710711838137,-0.38219904051363024,3.5111007694441656,0.9014475395690975
v54,S01,visual.blocks.31.attn.qkv.weight,1101,393,False,False,0.01,1.0,0.004924744367599487,0.13981038588099182,0.003982335445471108,0.0,0.10171816561128161,0.10347972104477389,0.0010347971875002517,0.0576491644450283,0.0576491644450283,0.010173179798137078,0.5667538742817675,0.13947638763160572,0.17940616816772148,-0.45087574827065274,0.12550184746660906,0.7824200939420652
v54,S01,model.layers.0.self_attn.q_proj.weight,1101,393,False,False,0.01,1.0,0.004924744367599487,0.13981038588099182,0.003982335445471108,0.0,0.04112696620537214,0.07351797364772668,0.0007351797199828881,0.024592715333290948,0.024592715333290948,0.01787585586332056,0.5979705677896214,0.15630065559157774,0.2254022244235331,0.08309571052737931,0.05258498166904802,0.7912887134679942
v54,S01,model.layers.18.self_attn.q_proj.weight,1101,393,False,False,0.01,1.0,0.004924744367599487,0.13981038588099182,0.003982335445471108,0.0,0.09910929674109542,0.15413197873839818,0.0015413197529057874,0.06668880104819677,0.06668880104819677,0.015551717180802909,0.6728813869238609,0.01212417690188668,0.20808541170204092,-0.1908674456564798,0.13033634745761188,0.7788741551269291
v54,S01,model.layers.35.self_attn.q_proj.weight,1101,393,False,False,0.01,1.0,0.004924744367599487,0.13981038588099182,0.003982335445471108,0.0,0.04479011429184564,0.05932400800208465,0.0005932400669604064,0.011826098107970298,0.011826098107970298,0.013244888438885051,0.2640336666906725,-0.03485209744764321,0.0968292836434466,-0.4518681547035435,0.04733655913299444,0.8274254881303845
v54,S01,vision,1101,393,False,False,0.01,1.0,0.004924744367599487,0.13981038588099182,0.003982335445471108,0.0,2.8872791603261616,1.4638880388771294,0.0146388800627222,0.9965382864082263,0.9965382864082263,0.005070129783040625,0.3451478818195232,-0.2275249538274103,0.5290209679042522,-0.38244824775751013,3.5133430414506233,0.9012139028724511
v54,S01,language,1101,393,False,False,0.01,1.0,0.004924744367599487,0.13981038588099182,0.003982335445471108,0.0,0.11627654272468821,0.18077858624402693,0.001807785822052407,0.07205591182645217,0.07205591182645217,0.015547295952312246,0.6196943092560063,0.02688768755253552,0.19748410967469168,-0.16341594575519353,0.14830203503755435,0.7799613314176863
v54,S01,all_selected,1101,393,False,False,0.01,1.0,0.004924744367599487,0.13981038588099182,0.003982335445471108,0.0,2.8896195569638987,1.4750081652626015,0.014750081324145492,0.9991399354989787,0.9991399354989787,0.0051045063314989775,0.345768678472251,-0.22549414225053147,0.5277891960486766,-0.38002102457343234,3.5164716436373786,0.9008487303966938
v54,S02,visual.patch_embed.proj.weight,740,272,False,False,0.01,1.0,-0.0918917004019022,0.16899128258228302,0.006084383407142013,0.0,2.6477821267245454,2.4080082694965603,0.024080082154115952,1.3908373582062765,1.3908373582062765,0.009094434889891926,0.5252839137209602,0.044519722664812855,-0.17306348998694593,-0.14150071120837898,2.7689887001915188,0.6815637372315767
v54,S02,visual.blocks.31.attn.qkv.weight,740,272,False,False,0.01,1.0,-0.0918917004019022,0.16899128258228302,0.006084383407142013,0.0,0.10930379724393875,0.12215490201332274,0.001221548993003645,0.07925490427785085,0.07925490427785085,0.01117572329420041,0.7250882977191883,0.16600033712353657,-0.6064289078193965,-0.37929672625865646,0.08771669559869916,0.46220139008543304
v54,S02,model.layers.0.self_attn.q_proj.weight,740,272,False,False,0.01,1.0,-0.0918917004019022,0.16899128258228302,0.006084383407142013,0.0,0.1470707978979945,0.16578835009789566,0.0016578834644034135,0.16868858254759683,0.16868858254759683,0.011272689671224127,1.1469889669368356,-0.14069349496978487,-0.7025871057774021,-0.3379341479954205,0.12235023945110256,0.38545552924240317
v54,S02,model.layers.18.self_attn.q_proj.weight,740,272,False,False,0.01,1.0,-0.0918917004019022,0.16899128258228302,0.006084383407142013,0.0,0.1149309826982563,0.14168783448049357,0.0014168783124433775,0.08000387547636237,0.08000387547636237,0.012328079680335613,0.6961036406206258,0.33209222386214426,-0.4716847859510562,-0.18286627557890336,0.10490112922397721,0.53425108991022
v54,S02,model.layers.35.self_attn.q_proj.weight,740,272,False,False,0.01,1.0,-0.0918917004019022,0.16899128258228302,0.006084383407142013,0.0,0.04768380804636353,0.04996489275527628,0.0004996489163325981,0.00965680077553216,0.00965680077553216,0.010478376975403969,0.20251739890704068,0.14011674122171874,-0.08971903871446814,-0.013960000869639581,0.04786611011027612,0.8275569989142706
v54,S02,vision,740,272,False,False,0.01,1.0,-0.0918917004019022,0.16899128258228302,0.006084383407142013,0.0,2.6500372659042712,2.411104652652926,0.02411104598500196,1.3930936425214322,1.3930936425214322,0.009098379971941472,0.5256883216116085,0.04477159897836408,-0.17405917035837346,-0.14218336093801395,2.77037770718644,0.6811440623005264
v54,S02,language,740,272,False,False,0.01,1.0,-0.0918917004019022,0.16899128258228302,0.006084383407142013,0.0,0.1926465570103101,0.22373580396443943,0.0022373579895472546,0.18694842009002505,0.18694842009002505,0.011613796915288318,0.9704218076423753,0.053622895926109186,-0.6055542549787084,-0.275670854264131,0.16812195723135076,0.4403030906006828
v54,S02,all_selected,740,272,False,False,0.01,1.0,-0.0918917004019022,0.16899128258228302,0.006084383407142013,0.0,2.6570303360324474,2.421463061049731,0.024214630066624474,1.4055815908761689,1.4055815908761689,0.009113418743567091,0.5290047207270591,0.04482197656264767,-0.17789830193239267,-0.14370507860499246,2.7754743077499806,0.6791270118896792
m55,S01,visual.patch_embed.proj.weight,1101,392,False,False,0.01,0.01,0.009380491450428963,0.14359954767860472,0.005262809339910746,0.0,1.6545376579323234,1.8445878837837584,0.01844587842279297,0.9021420243135938,0.009021420042247593,0.01114866037310072,0.00545253231257466,-0.4818547008912209,0.213218002732874,-0.1747024721421165,1.6476685416464212,0.9795860204689961
m55,S01,visual.blocks.31.attn.qkv.weight,1101,392,False,False,0.01,0.01,0.009380491450428963,0.14359954767860472,0.005262809339910746,0.0,0.08044107148402223,0.1142997173465577,0.0011429971481757464,0.06144058047910973,0.0006144057911460945,0.014209123860350076,0.00763796130274237,0.3466494578652488,-0.23800468004863493,-0.4630660031988554,0.08069707625958691,0.981734476530251
m55,S01,model.layers.0.self_attn.q_proj.weight,1101,392,False,False,0.01,0.01,0.009380491450428963,0.14359954767860472,0.005262809339910746,0.0,0.04227467790210714,0.07317658717132654,0.0007317658552405782,0.042418943142038174,0.00042418942196924275,0.017309791382327813,0.010034125462800969,0.21129150754699594,0.27179142248067145,0.3672703833493864,0.04255481495436775,0.9798340903450999
m55,S01,model.layers.18.self_attn.q_proj.weight,1101,392,False,False,0.01,0.01,0.009380491450428963,0.14359954767860472,0.005262809339910746,0.0,0.09981290238750157,0.15728031960122724,0.0015728031606780817,0.09387645493425532,0.0009387645281460885,0.01575751353840028,0.009405242265188747,0.028489812994953984,0.1823934663436522,-0.01196410898528872,0.10004529460675647,0.9777259978197865
m55,S01,model.layers.35.self_attn.q_proj.weight,1101,392,False,False,0.01,0.01,0.009380491450428963,0.14359954767860472,0.005262809339910746,0.0,0.0447761998118469,0.061750999259588504,0.0006175099787746495,0.011821822152545559,0.00011821821890268862,0.01379103142672837,0.0026402021475572033,-0.010650329987521657,0.0593317119615884,-0.2940583956455835,0.044780571701745334,0.9839304476921775
m55,S01,vision,1101,392,False,False,0.01,0.01,0.009380491450428963,0.14359954767860472,0.005262809339910746,0.0,1.6564919642064688,1.8481257766655372,0.018481257350868502,0.9042318159403414,0.009042317958066863,0.01115686508006806,0.005458715256972902,-0.47932378195332814,0.21168893405728081,-0.17591100235589316,1.6496434891358078,0.9795892320628542
m55,S01,language,1101,392,False,False,0.01,0.01,0.009380491450428963,0.14359954767860472,0.005262809339910746,0.0,0.1172803135410704,0.1841333694725934,0.0018413336533654498,0.10369142205249078,0.0010369141971713828,0.015700279081541108,0.008841332068985864,0.04961451009332875,0.18319580029217947,0.03921425617138368,0.11758092043648137,0.9785480041931837
m55,S01,all_selected,1101,392,False,False,0.01,0.01,0.009380491450428963,0.14359954767860472,0.005262809339910746,0.0,1.6606385215902808,1.8572759579843598,0.018572759162054437,0.9101577269691502,0.009101577067021855,0.011184107149500884,0.005480769564652693,-0.475423966498995,0.21125949855677653,-0.1734617368487478,1.6538285624874256,0.979574700759863
m55,S02,visual.patch_embed.proj.weight,740,273,False,False,0.01,0.01,-0.09324306808412075,0.16922277119010687,0.004652988485759124,0.0,9.635130715822738,8.479296115954334,0.08479295926913565,1.095847941686475,0.01095847917230688,0.008800395321040044,0.001137346186109437,-0.9354514396163254,-0.48894223541178033,0.5424554512069214,9.550513044412792,0.9814642591501995
m55,S02,visual.blocks.31.attn.qkv.weight,740,273,False,False,0.01,0.01,-0.09324306808412075,0.16922277119010687,0.004652988485759124,0.0,0.10689481758528822,0.11449081294993085,0.0011449081036388365,0.047658371469550515,0.0004765837040346066,0.01071060440067965,0.004458436010280428,0.04964991608833798,-0.11136145611793165,0.1348953400657443,0.10690647089948326,0.98516500881311
m55,S02,model.layers.0.self_attn.q_proj.weight,740,273,False,False,0.01,0.01,-0.09324306808412075,0.16922277119010687,0.004652988485759124,0.0,0.15552374522933646,0.15400017636793473,0.0015400017297589222,0.11650533335535009,0.0011650533080733928,0.009902036036285162,0.007491160313528951,-0.03561647837574581,-0.15570094263063128,0.29824455238291114,0.1553027679997099,0.9815075873512389
m55,S02,model.layers.18.self_attn.q_proj.weight,740,273,False,False,0.01,0.01,-0.09324306808412075,0.16922277119010687,0.004652988485759124,0.0,0.11192876574894214,0.1353247065707046,0.001353247035821998,0.05083116836340761,0.000508311672274884,0.012090252463404724,0.0045413854863282825,0.2460466588509349,0.13930835344340162,0.1339315066364942,0.11234193492867306,0.9872714175367977
m55,S02,model.layers.35.self_attn.q_proj.weight,740,273,False,False,0.01,0.01,-0.09324306808412075,0.16922277119010687,0.004652988485759124,0.0,0.0480214276651925,0.04918623722671245,0.0004918623612305874,0.007928872068886735,7.928871891222641e-05,0.010242560147521505,0.0016511112386127051,0.1065161824764078,0.18459878436336916,-0.02898315275715106,0.04809096608947803,0.9896771756344493
m55,S02,vision,740,273,False,False,0.01,0.01,-0.09324306808412075,0.16922277119010687,0.004652988485759124,0.0,9.635723657995449,8.480069030883932,0.08480068841809461,1.0968837822079114,0.010968837577281934,0.008800655916250713,0.0011383511987893412,-0.9353011830877577,-0.48850412120982045,0.5419729199061775,9.551111370150403,0.9814641175377724
m55,S02,language,740,273,False,False,0.01,0.01,-0.09324306808412075,0.16922277119010687,0.004652988485759124,0.0,0.19753921495992421,0.21082721945226304,0.0021082721479940467,0.12735842096079397,0.0012735841816561631,0.01067267655397822,0.006447247357516034,0.0750445388858242,-0.07784003063551725,0.23318006805449992,0.19761680371697615,0.9835543999870673
m55,S02,all_selected,740,273,False,False,0.01,0.01,-0.09324306808412075,0.16922277119010687,0.004652988485759124,0.0,9.637748292795953,8.482689366327223,0.08482689177160081,1.1042527786084488,0.011042527539673391,0.008801525957573246,0.0011457580343665424,-0.9347776149837548,-0.48532626514935256,0.538858289612787,9.553155541815544,0.9814599077517484
v55,S01,visual.patch_embed.proj.weight,1101,392,False,False,0.01,1.0,0.01125658955425024,0.14121014811098576,0.0046703285770490766,0.0,14.175560019457725,7.2557440900027395,0.07255743928370201,6.458794726432053,6.458794726432053,0.005118488383112051,0.4556288935016713,-0.9454056124229686,-0.8748249267066737,0.9292762843038347,9.022264038210505,0.4357126720550159
v55,S01,visual.blocks.31.attn.qkv.weight,1101,392,False,False,0.01,1.0,0.01125658955425024,0.14121014811098576,0.0046703285770490766,0.0,0.07362290165569862,0.10897945843496311,0.001089794559866919,0.06252260057057601,0.06252260057057601,0.01480238533606568,0.8492276066891012,0.3360789590098374,-0.24795849057297886,-0.5218183877313599,0.08384904003681029,0.6109874208781368
v55,S01,model.layers.0.self_attn.q_proj.weight,1101,392,False,False,0.01,1.0,0.01125658955425024,0.14121014811098576,0.0046703285770490766,0.0,0.041794416316655696,0.07564791501349737,0.0007564791331981189,0.029531044118434217,0.029531044118434217,0.018100004734284345,0.7065786945005297,0.16614086240018816,0.06731397343481028,0.07056962804979965,0.052907928534685164,0.7339970157789936
v55,S01,model.layers.18.self_attn.q_proj.weight,1101,392,False,False,0.01,1.0,0.01125658955425024,0.14121014811098576,0.0046703285770490766,0.0,0.09966966233512704,0.15731732671807488,0.0015731732317181004,0.08186054615319288,0.08186054615319288,0.015783872392669474,0.8213185861706526,0.027407117402264782,0.08943819182719169,-0.25035448778249714,0.13431765794627157,0.7335618637106386
v55,S01,model.layers.35.self_attn.q_proj.weight,1101,392,False,False,0.01,1.0,0.01125658955425024,0.14121014811098576,0.0046703285770490766,0.0,0.04436338658369782,0.060318842467528215,0.0006031884111244529,0.01320049582321974,0.01320049582321974,0.013596536639204775,0.29755383526266943,-0.007161665890599104,-0.032517463455543814,-0.46648081362605365,0.0457911502363188,0.7872349353737012
v55,S01,vision,1101,392,False,False,0.01,1.0,0.01125658955425024,0.14121014811098576,0.0046703285770490766,0.0,14.175751203978836,7.2565624659352785,0.07256562304280541,6.459097335835535,6.459097335835535,0.005118996658352593,0.4556440955328422,-0.9452600297750112,-0.8747846086288932,0.9290520937388953,9.022653658248332,0.43572092523422057
v55,S01,language,1101,392,False,False,0.01,1.0,0.01125658955425024,0.14121014811098576,0.0046703285770490766,0.0,0.11682861333757376,0.18468814549965623,0.001846881413428629,0.08801979705256449,0.08801979705256449,0.015808468154048058,0.7534095846728334,0.0433730351073585,0.07719029728604294,-0.21148011886116808,0.1514506902525406,0.7327244318485587
v55,S01,all_selected,1101,392,False,False,0.01,1.0,0.01125658955425024,0.14121014811098576,0.0046703285770490766,0.0,14.176232613869605,7.258912351944118,0.07258912190228115,6.459697042319417,6.459697042319417,0.005120480446353716,0.4556709259976054,-0.9449128421003351,-0.8746650232104086,0.928591796370861,9.023924664372862,0.4357590594031175
v55,S02,visual.patch_embed.proj.weight,740,274,False,False,0.01,1.0,-0.08918901160359383,0.1715755765326321,0.002966625936096534,0.0,14.048510179876898,5.7570506989005095,0.0575705057016278,9.851624060839065,9.851624060839065,0.004097979427319764,0.7012575664393611,-0.616379602970907,-0.9812154460105524,0.6894778378875625,4.754136924384765,0.19843874756389815
v55,S02,visual.blocks.31.attn.qkv.weight,740,274,False,False,0.01,1.0,-0.08918901160359383,0.1715755765326321,0.002966625936096534,0.0,0.10240651384764923,0.10293736713073925,0.0010293736481513894,0.04374365328377049,0.04374365328377049,0.010051837617310112,0.42715694188016373,0.10831069076098401,-0.2689847286236925,-0.3263011062679617,0.09992598947579054,0.6789394024910594
v55,S02,model.layers.0.self_attn.q_proj.weight,740,274,False,False,0.01,1.0,-0.08918901160359383,0.1715755765326321,0.002966625936096534,0.0,0.1343611982434699,0.15138210823131562,0.0015138210483834227,0.027761951440506583,0.027761951440506583,0.011266802232890893,0.2066217911379474,-0.2312465078254369,0.0917714857438273,-0.012505624091640244,0.13933939318964825,0.8515153547883008
v55,S02,model.layers.18.self_attn.q_proj.weight,740,274,False,False,0.01,1.0,-0.08918901160359383,0.1715755765326321,0.002966625936096534,0.0,0.11411301927847876,0.13864970671184418,0.001386497036157629,0.03826410151349395,0.03826410151349395,0.012150209020182472,0.335317580372798,0.25637197841796094,-0.0021638462336710457,-0.282704366925633,0.12049928114124452,0.7836657516470045
v55,S02,model.layers.35.self_attn.q_proj.weight,740,274,False,False,0.01,1.0,-0.08918901160359383,0.1715755765326321,0.002966625936096534,0.0,0.04700747633067531,0.04806591064984557,0.0004806590958887158,0.006385921556608065,0.006385921556608065,0.010225162748740368,0.1358490617893659,0.12423615791565554,-0.011798670345009189,-0.2633933039113268,0.04740914938666214,0.8799996146841268
v55,S02,vision,740,274,False,False,0.01,1.0,-0.08918901160359383,0.1715755765326321,0.002966625936096534,0.0,14.048883420696283,5.757970897047985,0.05757970768289784,9.851721176701295,9.851721176701295,0.004098525552434552,0.7012458486336439,-0.6162506102812033,-0.9811884113991057,0.689334953292855,4.755186967846033,0.1984786036910847
v55,S02,language,740,274,False,False,0.01,1.0,-0.08918901160359383,0.1715755765326321,0.002966625936096534,0.0,0.18244016989991524,0.21083314642173712,0.0021083314170816645,0.047703746252586235,0.047703746252586235,0.011556289485140652,0.2614761117508058,-0.009530111402019452,0.037840559674269594,-0.1623895097980635,0.19021874433289962,0.8190178838889807
v55,S02,all_selected,740,274,False,False,0.01,1.0,-0.08918901160359383,0.1715755765326321,0.002966625936096534,0.0,14.050067963688758,5.761829524283206,0.05761829395435652,9.851836670954064,9.851836670954064,0.00410092635162095,0.701194947698141,-0.6157905223651211,-0.9810918078376119,0.6888364661937566,4.758990047254775,0.19862624399647896
m56,S01,visual.patch_embed.proj.weight,1101,401,False,False,0.01,0.01,0.006800840608775616,0.1460010774899274,0.018493609473807737,0.0,2.7721568678258577,3.7166878116355155,0.03716687728667337,2.1954973157354134,0.021954972666399553,0.013407205673689937,0.00791981612628522,-0.13746136935456696,0.30416720036578765,0.05549649999236278,2.774077602318922,0.9797967204356053
m56,S01,visual.blocks.31.attn.qkv.weight,1101,401,False,False,0.01,0.01,0.006800840608775616,0.1460010774899274,0.018493609473807737,0.0,0.10603014309504695,0.1417430202502025,0.0014174301710775485,0.12804571672813445,0.0012804571386702082,0.0133681812520704,0.012076350189609647,-0.11472695164739194,0.6459442513349244,-0.052364704216055005,0.10670876739557683,0.9814283124443608
m56,S01,model.layers.0.self_attn.q_proj.weight,1101,401,False,False,0.01,0.01,0.006800840608775616,0.1460010774899274,0.018493609473807737,0.0,0.041750723477858125,0.06503890628163053,0.0006503890482270626,0.09861043806140511,0.0009861043587573253,0.015577910849185325,0.02361885679131503,0.06934207650808817,0.3384849333684631,0.4296743701394174,0.04215099710979151,0.9715072810885255
m56,S01,model.layers.18.self_attn.q_proj.weight,1101,401,False,False,0.01,0.01,0.006800840608775616,0.1460010774899274,0.018493609473807737,0.0,0.10321474597003315,0.14826377273979627,0.0014826376937850051,0.15089243187802473,0.0015089242857681177,0.014364591801790286,0.014619270450040262,-0.09686548015478282,0.23437684438743425,0.2469832439156221,0.10345154662114617,0.9740621684189632
m56,S01,model.layers.35.self_attn.q_proj.weight,1101,401,False,False,0.01,0.01,0.006800840608775616,0.1460010774899274,0.018493609473807737,0.0,0.04684099737845013,0.05826319995373688,0.0005826319864713893,0.02354210318644973,0.00023542102657106976,0.012438505136089129,0.005025961011653833,-0.07789824409055827,0.2806601218840057,-0.2632571096552295,0.046865122710726084,0.9833415128030284
m56,S01,vision,1101,401,False,False,0.01,0.01,0.006800840608775616,0.1460010774899274,0.018493609473807737,0.0,2.7741838603580393,3.7193896505921242,0.037193895675665396,2.1992280848015553,0.021992280356208094,0.013407148749998534,0.007927477580152076,-0.13742825478725118,0.30486676553591063,0.05524592180904497,2.776129194530912,0.9797976116342596
m56,S01,language,1101,401,False,False,0.01,0.01,0.006800840608775616,0.1460010774899274,0.018493609473807737,0.0,0.12079108299849631,0.17206628404798438,0.0017206628015795208,0.18178771992350654,0.001817877159295286,0.01424494887259965,0.01504976289779533,-0.07248977790625025,0.2437942811008167,0.25320416966371445,0.12114152377426249,0.9743576863725354
m56,S01,all_selected,1101,401,False,False,0.01,0.01,0.006800840608775616,0.1460010774899274,0.018493609473807737,0.0,2.776812304928972,3.7233675858040165,0.037233675026895466,2.2067285614957273,0.022067285121461448,0.01340878350358933,0.007946984779018366,-0.13729720612747442,0.30441658346677236,0.05596325516837601,2.7787710545328825,0.979781410266461
m56,S02,visual.patch_embed.proj.weight,740,263,False,False,0.01,0.01,-0.09054036438465118,0.1645966307260096,0.015337630291469395,0.0,2.0003046004941596,2.04367490456354,0.02043674858837604,1.4828662450689192,0.014828662118025769,0.010216818270241092,0.007413202026512594,0.0922597044134695,-0.3350560696128513,-0.33858784179108836,1.9973275064679317,0.9812128767263207
m56,S02,visual.blocks.31.attn.qkv.weight,740,263,False,False,0.01,0.01,-0.09054036438465118,0.1645966307260096,0.015337630291469395,0.0,0.10341354712149457,0.09284817737484787,0.0009284817528007889,0.08351248189032898,0.0008351247995636532,0.008978337738574711,0.008075584126154318,0.08487117510855831,-0.4168653024112859,-0.2517213360836612,0.10314952963552163,0.980721820590194
m56,S02,model.layers.0.self_attn.q_proj.weight,740,263,False,False,0.01,0.01,-0.09054036438465118,0.1645966307260096,0.015337630291469395,0.0,0.14148437785855789,0.15724459242364328,0.001572445888914073,0.10562566463461766,0.0010562566226769454,0.01111391881360958,0.007465535337992484,-0.46157238999212613,-0.5735569610574707,0.5689834157445741,0.1401659743656202,0.9726110496396946
m56,S02,model.layers.18.self_attn.q_proj.weight,740,263,False,False,0.01,0.01,-0.09054036438465118,0.1645966307260096,0.015337630291469395,0.0,0.11187448513192658,0.13112911228294508,0.001311291093588987,0.11813636086646429,0.0011813635826537715,0.011721091650546267,0.010559723079490943,0.23061835619889695,-0.2491802145312083,0.08828688034083355,0.11189766290195592,0.978407461178486
m56,S02,model.layers.35.self_attn.q_proj.weight,740,263,False,False,0.01,0.01,-0.09054036438465118,0.1645966307260096,0.015337630291469395,0.0,0.04825183541934142,0.04651402962740954,0.00046514028595988957,0.016928531622463952,0.00016928531245893002,0.00963984648288511,0.0035083704275231183,0.12382124063621598,-0.13689807711101223,-0.11410357690577018,0.04828859352349592,0.9877743259185399
m56,S02,vision,740,263,False,False,0.01,0.01,-0.09054036438465118,0.1645966307260096,0.015337630291469395,0.0,2.0029759999734247,2.0457829551500217,0.020457829093762495,1.4852160231379805,0.014852159898186569,0.01021371653681019,0.007415046360207823,0.0922405881774306,-0.33529001674584796,-0.338346201772664,1.9999892483605308,0.9812113016464965
m56,S02,language,740,263,False,False,0.01,0.01,-0.09054036438465118,0.1645966307260096,0.015337630291469395,0.0,0.18671360213633942,0.20996252257584339,0.0020996251787645448,0.15937238145627552,0.0015937237791972163,0.011245164544741552,0.008535659753559193,-0.16855474713152566,-0.4024786361153384,0.3206032209819076,0.18574007536679685,0.97548999287745
m56,S02,all_selected,740,263,False,False,0.01,0.01,-0.09054036438465118,0.1645966307260096,0.015337630291469395,0.0,2.011659719157537,2.05652915381185,0.02056529107794121,1.4937423443616218,0.014937423108603062,0.010223046612751061,0.0074254223844869285,0.08976526303593889,-0.3359227622624778,-0.33116470331510167,2.008595621113327,0.9811608441017773
v56,S01,visual.patch_embed.proj.weight,1101,392,False,False,0.01,1.0,0.013132693246006966,0.14384026429615915,0.004336407000664622,0.0,3.3419402519239716,1.7733279069523147,0.017733278671911375,1.156155330059003,1.156155330059003,0.00530628237943579,0.34595332139567686,0.16567236122962917,0.29948985038058384,0.008595278214285325,3.852259384715042,0.8530569921014206
v56,S01,visual.blocks.31.attn.qkv.weight,1101,392,False,False,0.01,1.0,0.013132693246006966,0.14384026429615915,0.004336407000664622,0.0,0.09981445411124164,0.11479957445197435,0.001147995718544128,0.06919754840110952,0.06919754840110952,0.011501297369864938,0.6932618027844939,0.20595230715298185,0.7012161014288703,0.24302082040242934,0.15660406676527897,0.9203342054151772
v56,S01,model.layers.0.self_attn.q_proj.weight,1101,392,False,False,0.01,1.0,0.013132693246006966,0.14384026429615915,0.004336407000664622,0.0,0.041361288084897994,0.07349528368024619,0.0007349528202576645,0.022226342923112097,0.022226342923112097,0.017769098939788907,0.5373706659592034,0.1347008236481807,0.10625648502044441,0.019912154157604244,0.04908677963503281,0.7631344500414909
v56,S01,model.layers.18.self_attn.q_proj.weight,1101,392,False,False,0.01,1.0,0.013132693246006966,0.14384026429615915,0.004336407000664622,0.0,0.10204798443954306,0.16190728968219317,0.0016190728608089242,0.05163916410685523,0.05163916410685523,0.015865799503057523,0.5060282610231086,-0.01861606907416122,0.1160117136097834,-0.14087501821956605,0.11948219633675501,0.769332968467999
v56,S01,model.layers.35.self_attn.q_proj.weight,1101,392,False,False,0.01,1.0,0.013132693246006966,0.14384026429615915,0.004336407000664622,0.0,0.04497238265751353,0.05597355232365552,0.0005597355108366066,0.010819948531978032,0.010819948531978032,0.012446205376736732,0.24059095588457433,-0.04368902215879985,-0.04153871730263485,0.20817109279388396,0.0458235350960559,0.8131651202739125
v56,S01,vision,1101,392,False,False,0.01,1.0,0.013132693246006966,0.14384026429615915,0.004336407000664622,0.0,3.3434305096176655,1.7770399004688793,0.017770398606258047,1.1582242649550192,1.1582242649550192,0.00531501957499639,0.34641792662455145,0.16564980540504873,0.30007231364138676,0.009499962861967755,3.855441245934545,0.8530822169188932
v56,S01,language,1101,392,False,False,0.01,1.0,0.013132693246006966,0.14384026429615915,0.004336407000664622,0.0,0.11894142458398033,0.18640967178516668,0.0018640966763285092,0.05725106877261305,0.05725106877261305,0.0156723923801025,0.4813383476182438,-0.0003646845057259114,0.10115446507346713,-0.09550273768425167,0.1370594890735219,0.7697524087604969
v56,S01,all_selected,1101,392,False,False,0.01,1.0,0.013132693246006966,0.14384026429615915,0.004336407000664622,0.0,3.345545491406508,1.7867902433055776,0.01786790203251774,1.159638362944919,1.159638362944919,0.005340803787727262,0.34662160951737436,0.16464036889938355,0.2996944750523193,0.008944706935896662,3.8578766834100016,0.8529366655963866
v56,S02,visual.patch_embed.proj.weight,740,273,False,False,0.01,1.0,-0.09594574011862278,0.16374226612970233,0.0038948201981838793,0.0,1.973096660979681,2.2624753531394024,0.02262475302733933,1.1794706874581706,1.1794706874581706,0.011466621719437556,0.5977764347705806,0.1684570988564024,-0.31813946913843333,0.08180862541436922,1.955358076216339,0.615823551373172
v56,S02,visual.blocks.31.attn.qkv.weight,740,273,False,False,0.01,1.0,-0.09594574011862278,0.16374226612970233,0.0038948201981838793,0.0,0.10474834715437106,0.09469668971349304,0.000946966875976473,0.04995801225034189,0.04995801225034189,0.009040399220628246,0.4769336567833107,0.19244836961653128,-0.3290072670562371,-0.05802044525194968,0.10029059120087808,0.6443202570565321
v56,S02,model.layers.0.self_attn.q_proj.weight,740,273,False,False,0.01,1.0,-0.09594574011862278,0.16374226612970233,0.0038948201981838793,0.0,0.1562041612792947,0.16172650576226422,0.001617265022061661,0.1808511181252653,0.1808511181252653,0.010353533534679488,1.1577868133864986,0.08961962450389972,-0.13659953793774857,0.18307511051307052,0.2225849601174068,0.6572276488908981
v56,S02,model.layers.18.self_attn.q_proj.weight,740,273,False,False,0.01,1.0,-0.09594574011862278,0.16374226612970233,0.0038948201981838793,0.0,0.11128595861543403,0.13823874580974435,0.0013823874271435518,0.04854175855484266,0.04854175855484266,0.012421939338462338,0.4361894272986071,0.3346462284174638,-0.1417816674674387,0.09171831821799638,0.11543932428926038,0.7160799540298027
v56,S02,model.layers.35.self_attn.q_proj.weight,740,273,False,False,0.01,1.0,-0.09594574011862278,0.16374226612970233,0.0038948201981838793,0.0,0.04797349081823052,0.04814057215120935,0.0004814057107676149,0.007288090755392839,0.007288090755392839,0.010034827621605447,0.1519191251478259,0.11721429747992711,0.036216632541969544,0.05602990084185955,0.0488460467345625,0.8762724983747014
v56,S02,vision,740,273,False,False,0.01,1.0,-0.09594574011862278,0.16374226612970233,0.0038948201981838793,0.0,1.9758751604744675,2.2644562673195137,0.022644562168697,1.1805282315822174,1.1805282315822174,0.011460522720099054,0.5974710625436158,0.16849970680405787,-0.3181456131956159,0.0815611596895741,1.95792834621394,0.6158851248568271
v56,S02,language,740,273,False,False,0.01,1.0,-0.09594574011862278,0.16374226612970233,0.0038948201981838793,0.0,0.19770118969533693,0.21813511454093204,0.0021813510970621476,0.18739409146844493,0.18739409146844493,0.011033575976066056,0.9478652695880307,0.1781521596949882,-0.12449080920258146,0.14653091252911413,0.2554530061370026,0.659613787296483
v56,S02,all_selected,740,273,False,False,0.01,1.0,-0.09594574011862278,0.16374226612970233,0.0038948201981838793,0.0,1.9857412747244187,2.27493848593914,0.022749384352546698,1.195308935415739,1.195308935415739,0.01145636878384565,0.6019459587360513,0.16859070525887898,-0.3145935205134267,0.08238417404995063,1.97452263781727,0.6163065384025431
