round,arm,group,observations,missing,consensus_correct_observations,unique_consensus_answers,all_consensus_wrong,correct_candidate_groups,correct_candidates_of_24,correct_candidate_wrong_vote,top_vote_counts,vote_margins,history_gain_observations,history_loss_observations
P5,m,S01,3,0,0,1,True,3,8,3,"[4, 3, 4]","[1, 0, 2]",0,0
P5,m,S02,3,0,0,1,True,2,2,2,"[6, 5, 5]","[5, 5, 4]",0,0
P5,m,S03,3,0,0,2,True,1,2,1,"[4, 2, 3]","[3, 0, 1]",0,0
P5,m,S04,3,0,0,2,True,1,1,1,"[3, 4, 5]","[1, 1, 2]",0,0
P5,m,S05,3,0,0,2,True,0,0,0,"[4, 4, 4]","[2, 1, 1]",0,0
P5,m,S06,3,0,0,1,True,1,1,1,"[7, 5, 8]","[7, 4, 8]",0,0
P5,m,S07,3,0,0,2,True,2,4,2,"[4, 4, 2]","[3, 2, 0]",2,0
P5,m,S08,3,0,1,3,False,2,5,1,"[3, 2, 4]","[1, 0, 2]",2,0
P5,m,S09,3,0,3,1,False,3,17,0,"[5, 7, 5]","[4, 6, 2]",0,1
P5,m,S10,3,0,0,1,True,0,0,0,"[7, 6, 2]","[6, 6, 0]",0,0
P5,m,S11,3,0,0,1,True,0,0,0,"[7, 6, 6]","[7, 6, 6]",0,0
P5,m,S12,3,0,0,2,True,2,3,2,"[2, 2, 3]","[1, 0, 1]",1,0
P5,m,S13,3,0,0,2,True,2,4,2,"[3, 2, 4]","[1, 0, 2]",1,0
P5,m,S14,3,0,0,1,True,2,4,2,"[4, 3, 5]","[3, 0, 4]",0,0
P5,m,S15,3,0,0,1,True,2,4,2,"[4, 7, 5]","[2, 7, 3]",0,0
P5,m,S16,3,0,0,1,True,1,1,1,"[7, 5, 6]","[6, 4, 5]",0,0
P5,v,S01,3,0,1,3,False,3,7,2,"[4, 4, 3]","[3, 1, 1]",0,0
P5,v,S02,3,0,0,1,True,2,3,2,"[7, 3, 6]","[6, 1, 5]",0,1
P5,v,S03,3,0,0,3,True,2,2,2,"[2, 3, 4]","[0, 2, 3]",0,0
P5,v,S04,3,0,0,2,True,0,0,0,"[3, 3, 3]","[2, 0, 1]",0,0
P5,v,S05,3,0,0,2,True,0,0,0,"[2, 3, 6]","[0, 1, 5]",0,0
P5,v,S06,3,0,0,1,True,1,1,1,"[5, 7, 5]","[4, 7, 4]",0,0
P5,v,S07,3,0,0,2,True,2,2,2,"[3, 1, 3]","[2, 0, 2]",2,0
P5,v,S08,3,0,2,2,False,3,6,1,"[3, 2, 2]","[1, 0, 0]",3,0
P5,v,S09,3,0,2,2,False,3,13,1,"[7, 3, 5]","[7, 2, 4]",0,0
P5,v,S10,3,0,0,1,True,0,0,0,"[5, 5, 4]","[4, 4, 3]",0,0
P5,v,S11,3,0,0,1,True,0,0,0,"[4, 3, 5]","[1, 3, 5]",0,0
P5,v,S12,3,0,0,1,True,3,8,3,"[3, 4, 2]","[0, 1, 0]",0,0
P5,v,S13,3,0,0,2,True,1,1,1,"[3, 2, 3]","[1, 0, 2]",0,0
P5,v,S14,3,0,0,2,True,2,3,2,"[4, 2, 4]","[3, 0, 2]",0,0
P5,v,S15,3,0,0,2,True,1,1,1,"[3, 3, 3]","[2, 1, 1]",0,0
P5,v,S16,3,0,0,1,True,0,0,0,"[7, 4, 5]","[7, 4, 3]",0,0
P6,m,S01,3,0,1,2,False,3,9,2,"[4, 4, 5]","[0, 1, 4]",0,0
P6,m,S02,3,0,1,2,False,3,7,2,"[4, 5, 7]","[2, 3, 6]",0,1
P6,m,S03,3,0,1,3,False,2,5,1,"[3, 4, 3]","[1, 2, 1]",0,0
P6,m,S04,3,0,0,2,True,2,2,2,"[3, 4, 3]","[1, 1, 0]",0,0
P6,m,S05,3,0,0,2,True,0,0,0,"[4, 5, 5]","[3, 2, 3]",0,0
P6,m,S06,3,0,0,1,True,2,3,2,"[4, 6, 6]","[2, 5, 6]",0,0
P6,m,S07,3,0,1,3,False,3,6,2,"[3, 2, 3]","[1, 1, 2]",1,0
P6,m,S08,3,0,0,3,True,2,2,2,"[4, 3, 2]","[1, 1, 0]",3,0
P6,m,S09,3,0,1,2,False,3,8,2,"[4, 6, 5]","[1, 4, 3]",0,0
P6,m,S10,3,0,0,1,True,0,0,0,"[7, 7, 4]","[7, 7, 4]",0,0
P6,m,S11,3,0,0,1,True,0,0,0,"[5, 7, 6]","[5, 7, 5]",0,0
P6,m,S12,3,0,1,3,False,2,5,1,"[3, 4, 4]","[2, 1, 3]",0,0
P6,m,S13,3,0,1,2,False,2,6,1,"[3, 3, 5]","[0, 1, 4]",1,0
P6,m,S14,3,0,0,1,True,1,1,1,"[3, 5, 3]","[1, 5, 2]",0,0
P6,m,S15,3,0,0,1,True,2,2,2,"[6, 6, 5]","[5, 5, 3]",0,0
P6,m,S16,3,0,0,1,True,0,0,0,"[7, 5, 8]","[7, 4, 8]",0,0
P6,v,S01,3,0,1,2,False,3,9,2,"[4, 4, 5]","[0, 1, 4]",0,0
P6,v,S02,3,0,0,1,True,3,5,3,"[5, 6, 6]","[3, 4, 5]",0,0
P6,v,S03,3,0,1,2,False,1,3,0,"[3, 4, 3]","[1, 1, 1]",0,0
P6,v,S04,3,0,0,2,True,0,0,0,"[6, 4, 5]","[4, 1, 2]",0,0
P6,v,S05,3,0,0,2,True,1,1,1,"[3, 3, 4]","[1, 1, 2]",0,0
P6,v,S06,3,0,0,1,True,1,2,1,"[6, 5, 6]","[6, 3, 6]",0,0
P6,v,S07,3,0,1,3,False,2,6,1,"[2, 3, 3]","[0, 1, 0]",1,0
P6,v,S08,3,0,1,2,False,2,6,1,"[4, 3, 3]","[2, 1, 0]",2,0
P6,v,S09,3,0,2,2,False,3,12,1,"[4, 4, 5]","[1, 1, 3]",0,1
P6,v,S10,3,0,0,2,True,0,0,0,"[4, 5, 3]","[1, 4, 2]",0,0
P6,v,S11,3,0,0,1,True,0,0,0,"[4, 7, 4]","[4, 7, 3]",0,0
P6,v,S12,3,0,2,2,False,2,6,0,"[4, 3, 3]","[3, 2, 1]",0,0
P6,v,S13,3,0,0,1,True,3,4,3,"[4, 3, 3]","[2, 1, 1]",0,0
P6,v,S14,3,0,0,1,True,2,2,2,"[3, 4, 5]","[2, 3, 4]",0,0
P6,v,S15,3,0,1,2,False,3,6,2,"[4, 5, 6]","[1, 3, 5]",0,0
P6,v,S16,3,0,0,1,True,1,1,1,"[6, 5, 6]","[5, 4, 6]",0,0
P7,m,S01,3,0,0,1,True,2,4,2,"[4, 3, 7]","[2, 1, 7]",0,0
P7,m,S02,3,0,0,2,True,2,3,2,"[4, 2, 7]","[2, 1, 7]",0,2
P7,m,S03,3,0,0,1,True,2,2,2,"[3, 3, 2]","[1, 1, 1]",0,0
P7,m,S04,3,0,0,2,True,1,1,1,"[5, 4, 3]","[2, 1, 0]",0,0
P7,m,S05,3,0,0,1,True,1,1,1,"[5, 4, 6]","[3, 2, 4]",0,0
P7,m,S06,3,0,0,1,True,1,1,1,"[5, 5, 7]","[4, 5, 7]",0,0
P7,m,S07,3,0,2,2,False,3,9,1,"[3, 3, 4]","[1, 1, 3]",3,0
P7,m,S08,3,0,0,1,True,2,2,2,"[3, 2, 3]","[1, 0, 0]",3,0
P7,m,S09,3,0,3,1,False,3,17,0,"[5, 7, 5]","[2, 6, 3]",0,1
P7,m,S10,3,0,0,1,True,0,0,0,"[2, 5, 4]","[0, 4, 3]",0,0
P7,m,S11,3,0,0,1,True,0,0,0,"[7, 6, 6]","[7, 6, 6]",0,0
P7,m,S12,3,0,1,3,False,3,7,2,"[4, 3, 5]","[3, 1, 3]",1,0
P7,m,S13,3,0,0,1,True,3,5,3,"[4, 4, 2]","[2, 2, 0]",1,0
P7,m,S14,3,0,0,1,True,2,5,2,"[4, 4, 5]","[0, 3, 4]",0,0
P7,m,S15,3,0,0,1,True,2,3,2,"[5, 3, 3]","[3, 2, 1]",0,0
P7,m,S16,3,0,0,1,True,0,0,0,"[7, 5, 8]","[6, 4, 8]",0,0
P7,v,S01,3,0,0,1,True,2,4,2,"[4, 3, 7]","[2, 1, 7]",0,0
P7,v,S02,3,0,0,1,True,2,5,2,"[5, 4, 4]","[2, 3, 2]",0,2
P7,v,S03,3,0,0,2,True,2,3,2,"[2, 6, 2]","[0, 4, 0]",0,0
P7,v,S04,3,0,0,2,True,2,2,2,"[3, 4, 4]","[1, 2, 0]",0,0
P7,v,S05,3,0,0,2,True,0,0,0,"[4, 4, 5]","[1, 1, 2]",0,0
P7,v,S06,3,0,0,1,True,2,3,2,"[6, 7, 3]","[5, 7, 1]",0,0
P7,v,S07,3,0,1,2,False,3,5,2,"[3, 2, 2]","[2, 0, 1]",2,0
P7,v,S08,3,0,0,2,True,3,7,3,"[3, 3, 2]","[0, 0, 0]",3,0
P7,v,S09,3,0,2,2,False,3,12,1,"[4, 5, 5]","[1, 2, 2]",0,0
P7,v,S10,3,0,0,1,True,0,0,0,"[4, 3, 6]","[3, 3, 6]",0,0
P7,v,S11,3,0,0,1,True,0,0,0,"[7, 6, 5]","[6, 6, 4]",0,0
P7,v,S12,3,0,2,2,False,3,10,1,"[2, 2, 6]","[1, 0, 5]",0,0
P7,v,S13,3,0,0,2,True,3,3,3,"[5, 2, 4]","[4, 0, 2]",1,0
P7,v,S14,3,0,0,1,True,1,1,1,"[2, 4, 3]","[1, 2, 2]",0,0
P7,v,S15,3,0,0,1,True,3,8,3,"[2, 3, 4]","[0, 1, 0]",0,0
P7,v,S16,3,0,0,1,True,0,0,0,"[8, 7, 5]","[8, 7, 4]",0,0
