actor,group,strict_parsed,strict_correct,legal_correct,initial_strict_correct,initial_legal_correct,legal_top1_top2_gap,correct_minus_best_wrong_gap,option_identifier_lengths
base,P01,True,False,False,False,False,0.875,-2.0000001192092896,"[1, 1, 1, 1, 1]"
base,P02,True,False,True,False,True,0.8749999403953552,0.8749999403953552,"[1, 1, 1, 1, 1]"
base,P03,True,False,False,False,False,2.2500000596046448,-3.9999998211860657,"[1, 1, 1, 1, 1]"
base,P04,True,False,False,False,False,1.625,-3.999999761581421,"[1, 1, 1, 1, 1]"
base,P05,True,False,True,False,True,0.8749999403953552,0.8749999403953552,"[1, 1, 1, 1, 1]"
base,P06,True,True,True,True,True,0.875,0.875,"[1, 1, 1, 1, 1]"
base,P07,False,False,False,False,False,0.5,-0.5,"[1, 1, 1, 1, 1]"
base,P08,False,False,False,False,False,1.7499999105930328,-2.999999910593033,"[1, 1, 1, 1, 1]"
base,P09,True,True,True,True,True,1.3749999403953552,1.3749999403953552,"[1, 1, 1, 1, 1]"
base,P10,True,False,False,False,False,3.7500000447034836,-4.875000044703484,"[1, 1, 1, 1, 1]"
base,P11,True,True,True,True,True,0.0,0.0,"[1, 1, 1, 1, 1]"
base,P12,True,False,False,False,False,1.3750000298023224,-2.1250000298023224,"[1, 1, 1, 1, 1]"
base,P13,True,False,False,False,False,2.5000001043081284,-3.6250001043081284,"[1, 1, 1, 1, 1]"
base,P14,True,False,False,False,False,0.9999999403953552,-0.9999999403953552,"[1, 1, 1, 1, 1]"
base,P15,True,False,False,False,False,2.2499998807907104,-2.2499998807907104,"[1, 1, 1, 1, 1]"
base,P16,False,False,False,False,False,1.8750000894069672,-1.8750000894069672,"[1, 1, 1, 1, 1]"
m54,P01,True,False,False,False,False,0.75,-1.875,"[1, 1, 1, 1, 1]"
m54,P02,False,False,True,False,True,0.8749999403953552,0.8749999403953552,"[1, 1, 1, 1, 1]"
m54,P03,True,False,False,False,False,2.375000074505806,-3.999999836087227,"[1, 1, 1, 1, 1]"
m54,P04,True,False,False,False,False,1.625,-4.1249998807907104,"[1, 1, 1, 1, 1]"
m54,P05,True,False,True,False,True,1.0000000596046448,1.0000000596046448,"[1, 1, 1, 1, 1]"
m54,P06,True,True,True,True,True,0.875,0.875,"[1, 1, 1, 1, 1]"
m54,P07,False,False,False,False,False,0.5,-0.5,"[1, 1, 1, 1, 1]"
m54,P08,True,False,False,False,False,1.7499999105930328,-3.249999910593033,"[1, 1, 1, 1, 1]"
m54,P09,True,True,True,True,True,1.5000000596046448,1.5000000596046448,"[1, 1, 1, 1, 1]"
m54,P10,True,False,False,False,False,3.749999888241291,-4.874999888241291,"[1, 1, 1, 1, 1]"
m54,P11,True,True,True,True,True,0.0,0.0,"[1, 1, 1, 1, 1]"
m54,P12,True,False,False,False,False,1.5000000298023224,-2.0000000298023224,"[1, 1, 1, 1, 1]"
m54,P13,True,False,False,False,False,2.374999925494194,-3.499999925494194,"[1, 1, 1, 1, 1]"
m54,P14,True,False,False,False,False,1.0,-1.0,"[1, 1, 1, 1, 1]"
m54,P15,True,False,False,False,False,2.2500000596046448,-2.2500000596046448,"[1, 1, 1, 1, 1]"
m54,P16,True,False,False,False,False,2.000000089406967,-2.000000089406967,"[1, 1, 1, 1, 1]"
v54,P01,True,False,False,False,False,0.7500000596046448,-1.8750000596046448,"[1, 1, 1, 1, 1]"
v54,P02,False,False,True,False,True,0.8750000596046448,0.8750000596046448,"[1, 1, 1, 1, 1]"
v54,P03,True,False,False,False,False,2.375000089406967,-4.000000089406967,"[1, 1, 1, 1, 1]"
v54,P04,False,False,False,False,False,1.5,-3.8750001192092896,"[1, 1, 1, 1, 1]"
v54,P05,True,False,True,False,True,0.875,0.875,"[1, 1, 1, 1, 1]"
v54,P06,True,True,True,True,True,0.8750000596046448,0.8750000596046448,"[1, 1, 1, 1, 1]"
v54,P07,False,False,False,False,False,0.5,-0.625,"[1, 1, 1, 1, 1]"
v54,P08,False,False,False,False,False,1.7500000596046448,-3.1250000596046448,"[1, 1, 1, 1, 1]"
v54,P09,True,True,True,True,True,1.3749999403953552,1.3749999403953552,"[1, 1, 1, 1, 1]"
v54,P10,True,False,False,False,False,3.750000089406967,-4.749999850988388,"[1, 1, 1, 1, 1]"
v54,P11,True,True,True,True,True,0.125,0.125,"[1, 1, 1, 1, 1]"
v54,P12,True,False,False,False,False,1.5000000298023224,-2.0000000298023224,"[1, 1, 1, 1, 1]"
v54,P13,True,False,False,False,False,2.374999985098839,-3.499999985098839,"[1, 1, 1, 1, 1]"
v54,P14,True,False,False,False,False,0.9999999403953552,-0.9999999403953552,"[1, 1, 1, 1, 1]"
v54,P15,True,False,False,False,False,2.25,-2.25,"[1, 1, 1, 1, 1]"
v54,P16,False,False,False,False,False,1.875,-1.875,"[1, 1, 1, 1, 1]"
m55,P01,True,False,False,False,False,0.6249999403953552,-1.8749999403953552,"[1, 1, 1, 1, 1]"
m55,P02,False,False,True,False,True,0.8750000596046448,0.8750000596046448,"[1, 1, 1, 1, 1]"
m55,P03,True,False,False,False,False,2.374999925494194,-4.000000163912773,"[1, 1, 1, 1, 1]"
m55,P04,True,False,False,False,False,1.5000000298023224,-3.8750000298023224,"[1, 1, 1, 1, 1]"
m55,P05,True,False,True,False,True,0.875,0.875,"[1, 1, 1, 1, 1]"
m55,P06,True,True,True,True,True,1.0000000298023224,1.0000000298023224,"[1, 1, 1, 1, 1]"
m55,P07,False,False,False,False,False,0.5,-0.5,"[1, 1, 1, 1, 1]"
m55,P08,False,False,False,False,False,1.8749999701976776,-3.1249999701976776,"[1, 1, 1, 1, 1]"
m55,P09,True,True,True,True,True,1.3750000596046448,1.3750000596046448,"[1, 1, 1, 1, 1]"
m55,P10,True,False,False,False,False,3.749999925494194,-4.875000163912773,"[1, 1, 1, 1, 1]"
m55,P11,True,True,True,True,True,0.125,0.125,"[1, 1, 1, 1, 1]"
m55,P12,True,False,False,False,False,1.4999999403953552,-1.9999999403953552,"[1, 1, 1, 1, 1]"
m55,P13,False,False,False,False,False,2.375000014901161,-3.500000014901161,"[1, 1, 1, 1, 1]"
m55,P14,True,False,False,False,False,0.8750000596046448,-0.8750000596046448,"[1, 1, 1, 1, 1]"
m55,P15,True,False,False,False,False,2.249999910593033,-2.249999910593033,"[1, 1, 1, 1, 1]"
m55,P16,True,False,False,False,False,1.875,-1.875,"[1, 1, 1, 1, 1]"
v55,P01,True,False,False,False,False,0.75,-1.875,"[1, 1, 1, 1, 1]"
v55,P02,False,False,True,False,True,0.625,0.625,"[1, 1, 1, 1, 1]"
v55,P03,True,False,False,False,False,2.2500001192092896,-4.0000001192092896,"[1, 1, 1, 1, 1]"
v55,P04,True,False,False,False,False,1.4999999403953552,-3.9999999403953552,"[1, 1, 1, 1, 1]"
v55,P05,True,True,True,False,True,0.875,0.875,"[1, 1, 1, 1, 1]"
v55,P06,True,True,True,True,True,0.875,0.875,"[1, 1, 1, 1, 1]"
v55,P07,False,False,False,False,False,0.5,-0.625,"[1, 1, 1, 1, 1]"
v55,P08,False,False,False,False,False,1.875,-3.125,"[1, 1, 1, 1, 1]"
v55,P09,False,False,True,True,True,1.3750000596046448,1.3750000596046448,"[1, 1, 1, 1, 1]"
v55,P10,True,False,False,False,False,3.7499999701976776,-4.875000208616257,"[1, 1, 1, 1, 1]"
v55,P11,True,True,True,True,True,0.0,0.0,"[1, 1, 1, 1, 1]"
v55,P12,True,False,False,False,False,1.5000000298023224,-1.9999999105930328,"[1, 1, 1, 1, 1]"
v55,P13,True,False,False,False,False,2.3749999552965164,-3.4999999552965164,"[1, 1, 1, 1, 1]"
v55,P14,True,False,False,False,False,0.875,-0.875,"[1, 1, 1, 1, 1]"
v55,P15,True,False,False,False,False,2.2499999403953552,-2.2499999403953552,"[1, 1, 1, 1, 1]"
v55,P16,False,False,False,False,False,1.875,-1.875,"[1, 1, 1, 1, 1]"
m56,P01,True,False,False,False,False,0.7500000596046448,-1.8750000596046448,"[1, 1, 1, 1, 1]"
m56,P02,True,True,True,False,True,0.875,0.875,"[1, 1, 1, 1, 1]"
m56,P03,True,False,False,False,False,2.1249999701976776,-4.000000208616257,"[1, 1, 1, 1, 1]"
m56,P04,True,False,False,False,False,1.625,-4.000000238418579,"[1, 1, 1, 1, 1]"
m56,P05,True,True,True,False,True,0.8750000596046448,0.8750000596046448,"[1, 1, 1, 1, 1]"
m56,P06,True,True,True,True,True,0.8750000298023224,0.8750000298023224,"[1, 1, 1, 1, 1]"
m56,P07,False,False,False,False,False,0.5,-0.5,"[1, 1, 1, 1, 1]"
m56,P08,True,False,False,False,False,1.7500000298023224,-3.1250000298023224,"[1, 1, 1, 1, 1]"
m56,P09,True,True,True,True,True,1.2500000596046448,1.2500000596046448,"[1, 1, 1, 1, 1]"
m56,P10,True,False,False,False,False,3.7500000074505806,-4.875000007450581,"[1, 1, 1, 1, 1]"
m56,P11,True,True,False,True,True,0.125,-0.125,"[1, 1, 1, 1, 1]"
m56,P12,True,False,False,False,False,1.3750000298023224,-2.0000000298023224,"[1, 1, 1, 1, 1]"
m56,P13,True,False,False,False,False,2.499999985098839,-3.624999985098839,"[1, 1, 1, 1, 1]"
m56,P14,True,False,False,False,False,0.8749999403953552,-0.8749999403953552,"[1, 1, 1, 1, 1]"
m56,P15,True,False,False,False,False,2.2499999403953552,-2.2499999403953552,"[1, 1, 1, 1, 1]"
m56,P16,True,False,False,False,False,2.000000089406967,-2.000000089406967,"[1, 1, 1, 1, 1]"
v56,P01,True,False,False,False,False,0.7500000596046448,-1.8750000596046448,"[1, 1, 1, 1, 1]"
v56,P02,True,False,True,False,True,0.8750000596046448,0.8750000596046448,"[1, 1, 1, 1, 1]"
v56,P03,True,False,False,False,False,2.125000074505806,-3.999999836087227,"[1, 1, 1, 1, 1]"
v56,P04,True,False,False,False,False,1.5,-3.875,"[1, 1, 1, 1, 1]"
v56,P05,True,False,True,False,True,0.875,0.875,"[1, 1, 1, 1, 1]"
v56,P06,True,True,True,True,True,0.875,0.875,"[1, 1, 1, 1, 1]"
v56,P07,False,False,False,False,False,0.5,-0.5,"[1, 1, 1, 1, 1]"
v56,P08,False,False,False,False,False,1.8750000894069672,-3.125000089406967,"[1, 1, 1, 1, 1]"
v56,P09,True,True,True,True,True,1.3749999403953552,1.3749999403953552,"[1, 1, 1, 1, 1]"
v56,P10,True,False,False,False,False,3.7500000670552254,-4.874999828636646,"[1, 1, 1, 1, 1]"
v56,P11,True,True,True,True,True,0.0,0.0,"[1, 1, 1, 1, 1]"
v56,P12,True,False,False,False,False,1.4999999701976776,-1.9999999701976776,"[1, 1, 1, 1, 1]"
v56,P13,False,False,False,False,False,2.4999999701976776,-3.4999999701976776,"[1, 1, 1, 1, 1]"
v56,P14,True,False,False,False,False,0.875,-0.875,"[1, 1, 1, 1, 1]"
v56,P15,True,False,False,False,False,2.375000089406967,-2.375000089406967,"[1, 1, 1, 1, 1]"
v56,P16,True,False,False,False,False,1.875,-1.875,"[1, 1, 1, 1, 1]"
