actor,group,kl_actor_base,base_top_token_retained,legal_top1_top2_gap,correct_minus_best_wrong_gap
base,P01,0.0,True,0.875,-2.0000001192092896
base,P02,0.0,True,0.8749999403953552,0.8749999403953552
base,P03,0.0,True,2.2500000596046448,-3.9999998211860657
base,P04,0.0,True,1.625,-3.999999761581421
base,P05,0.0,True,0.8749999403953552,0.8749999403953552
base,P06,0.0,True,0.875,0.875
base,P07,0.0,True,0.5,-0.5
base,P08,0.0,True,1.7499999105930328,-2.999999910593033
base,P09,0.0,True,1.3749999403953552,1.3749999403953552
base,P10,0.0,True,3.7500000447034836,-4.875000044703484
base,P11,0.0,True,0.0,0.0
base,P12,0.0,True,1.3750000298023224,-2.1250000298023224
base,P13,0.0,True,2.5000001043081284,-3.6250001043081284
base,P14,0.0,True,0.9999999403953552,-0.9999999403953552
base,P15,0.0,True,2.2499998807907104,-2.2499998807907104
base,P16,0.0,True,1.8750000894069672,-1.8750000894069672
m54,P01,0.0019390950910747051,True,0.75,-1.875
m54,P02,0.001967727206647396,True,0.8749999403953552,0.8749999403953552
m54,P03,0.0011583820451050997,True,2.375000074505806,-3.999999836087227
m54,P04,0.00035839545307680964,True,1.625,-4.1249998807907104
m54,P05,0.0022056817542761564,True,1.0000000596046448,1.0000000596046448
m54,P06,6.757737719453871e-05,True,0.875,0.875
m54,P07,0.0001440688647562638,True,0.5,-0.5
m54,P08,0.0015872196527197957,True,1.7499999105930328,-3.249999910593033
m54,P09,0.0019294534577056766,True,1.5000000596046448,1.5000000596046448
m54,P10,0.0002706955710891634,True,3.749999888241291,-4.874999888241291
m54,P11,0.0003081610193476081,True,0.0,0.0
m54,P12,0.0018357139779254794,True,1.5000000298023224,-2.0000000298023224
m54,P13,0.0013117819325998425,True,2.374999925494194,-3.499999925494194
m54,P14,0.001525773317553103,True,1.0,-1.0
m54,P15,0.0004534943727776408,True,2.2500000596046448,-2.2500000596046448
m54,P16,0.0011044269194826484,True,2.000000089406967,-2.000000089406967
v54,P01,0.0017924722051247954,True,0.7500000596046448,-1.8750000596046448
v54,P02,0.0011133005609735847,True,0.8750000596046448,0.8750000596046448
v54,P03,0.0007232760544866323,True,2.375000089406967,-4.000000089406967
v54,P04,0.001493586110882461,True,1.5,-3.8750001192092896
v54,P05,0.0014468877343460917,True,0.875,0.875
v54,P06,0.0009329952299594879,True,0.8750000596046448,0.8750000596046448
v54,P07,0.0014564747689291835,True,0.5,-0.625
v54,P08,0.0007989184814505279,True,1.7500000596046448,-3.1250000596046448
v54,P09,0.0015623447252437472,True,1.3749999403953552,1.3749999403953552
v54,P10,0.00044469896238297224,True,3.750000089406967,-4.749999850988388
v54,P11,0.001919554895721376,True,0.125,0.125
v54,P12,0.0023088769521564245,True,1.5000000298023224,-2.0000000298023224
v54,P13,0.0008303883951157331,True,2.374999985098839,-3.499999985098839
v54,P14,5.713619611924514e-05,True,0.9999999403953552,-0.9999999403953552
v54,P15,0.00046325704897753894,True,2.25,-2.25
v54,P16,0.0002502927090972662,True,1.875,-1.875
m55,P01,0.005947563331574202,True,0.6249999403953552,-1.8749999403953552
m55,P02,0.0012453574454411864,True,0.8750000596046448,0.8750000596046448
m55,P03,0.0011566143948584795,True,2.374999925494194,-4.000000163912773
m55,P04,0.0021535842679440975,True,1.5000000298023224,-3.8750000298023224
m55,P05,0.001182767329737544,True,0.875,0.875
m55,P06,0.0027693333104252815,True,1.0000000298023224,1.0000000298023224
m55,P07,0.0007197395898401737,True,0.5,-0.5
m55,P08,0.002194124273955822,True,1.8749999701976776,-3.1249999701976776
m55,P09,0.0015091979876160622,True,1.3750000596046448,1.3750000596046448
m55,P10,9.405671335116494e-06,True,3.749999925494194,-4.875000163912773
m55,P11,0.0019232487538829446,True,0.125,0.125
m55,P12,0.002685217186808586,True,1.4999999403953552,-1.9999999403953552
m55,P13,0.0008379799546673894,True,2.375000014901161,-3.500000014901161
m55,P14,0.0013795490376651287,True,0.8750000596046448,-0.8750000596046448
m55,P15,0.0002492166240699589,True,2.249999910593033,-2.249999910593033
m55,P16,0.00030387568403966725,True,1.875,-1.875
v55,P01,0.0019351361552253366,True,0.75,-1.875
v55,P02,0.005628425162285566,True,0.625,0.625
v55,P03,7.400407048407942e-05,True,2.2500001192092896,-4.0000001192092896
v55,P04,0.0013138165231794119,True,1.4999999403953552,-3.9999999403953552
v55,P05,0.0010623510461300611,True,0.875,0.875
v55,P06,4.623111180990236e-06,True,0.875,0.875
v55,P07,0.002316247671842575,True,0.5,-0.625
v55,P08,0.0015078908763825893,True,1.875,-3.125
v55,P09,0.0014933506026864052,True,1.3750000596046448,1.3750000596046448
v55,P10,5.105668151372811e-06,True,3.7499999701976776,-4.875000208616257
v55,P11,0.001208329456858337,True,0.0,0.0
v55,P12,0.0025144952815026045,True,1.5000000298023224,-1.9999999105930328
v55,P13,0.0016077723121270537,True,2.3749999552965164,-3.4999999552965164
v55,P14,0.00217041140422225,True,0.875,-0.875
v55,P15,0.000467812322312966,True,2.2499999403953552,-2.2499999403953552
v55,P16,0.0005312871653586626,True,1.875,-1.875
m56,P01,0.0019593106117099524,True,0.7500000596046448,-1.8750000596046448
m56,P02,0.001980562461540103,True,0.875,0.875
m56,P03,0.001150045427493751,True,2.1249999701976776,-4.000000208616257
m56,P04,0.00106700393371284,True,1.625,-4.000000238418579
m56,P05,0.00123318238183856,True,0.8750000596046448,0.8750000596046448
m56,P06,7.4646991379268e-06,True,0.8750000298023224,0.8750000298023224
m56,P07,0.00014252815162763,True,0.5,-0.5
m56,P08,0.0008116390090435743,True,1.7500000298023224,-3.1250000298023224
m56,P09,0.001470823772251606,True,1.2500000596046448,1.2500000596046448
m56,P10,0.0001423149515176192,True,3.7500000074505806,-4.875000007450581
m56,P11,0.0019646964501589537,False,0.125,-0.125
m56,P12,0.0011761437635868788,True,1.3750000298023224,-2.0000000298023224
m56,P13,0.00012394131044857204,True,2.499999985098839,-3.624999985098839
m56,P14,0.0025871419347822666,True,0.8749999403953552,-0.8749999403953552
m56,P15,0.00027738400967791677,True,2.2499999403953552,-2.2499999403953552
m56,P16,0.0017085211584344506,True,2.000000089406967,-2.000000089406967
v56,P01,0.0019444974604994059,True,0.7500000596046448,-1.8750000596046448
v56,P02,0.0025288197211921215,True,0.8750000596046448,0.8750000596046448
v56,P03,0.0007399005116894841,True,2.125000074505806,-3.999999836087227
v56,P04,0.0014926015865057707,True,1.5,-3.875
v56,P05,0.0011635716073215008,True,0.875,0.875
v56,P06,0.0002062959538307041,True,0.875,0.875
v56,P07,0.0007441553752869368,True,0.5,-0.5
v56,P08,0.0015689057763665915,True,1.8750000894069672,-3.125000089406967
v56,P09,0.0015239175409078598,True,1.3749999403953552,1.3749999403953552
v56,P10,0.00024682466755621135,True,3.7500000670552254,-4.874999828636646
v56,P11,0.0006940320017747581,True,0.0,0.0
v56,P12,0.002106013707816601,True,1.4999999701976776,-1.9999999701976776
v56,P13,0.0007711416110396385,True,2.4999999701976776,-3.4999999701976776
v56,P14,0.002470431150868535,True,0.875,-0.875
v56,P15,0.0019123262027278543,True,2.375000089406967,-2.375000089406967
v56,P16,0.0005314343725331128,True,1.875,-1.875
