round,seed,arm,before_correct,after_correct,before_parsed,after_parsed,probe_final_correct,original_correct_retained,correct_negative_n,correct_negative_d,wrong_positive_n,wrong_positive_d
P5,48,m,3,3,13,13,4,3,11,19,66,74
P5,48,v,4,2,12,13,4,3,8,18,55,65
P5,49,m,3,3,12,12,3,3,15,22,60,67
P5,49,v,3,4,13,12,1,1,10,16,46,52
P5,50,m,5,3,14,13,3,2,10,15,66,71
P5,50,v,3,2,10,11,3,3,8,13,58,63
P6,51,m,5,5,12,13,3,3,14,22,59,67
P6,51,v,4,2,14,12,2,2,8,23,51,66
P6,52,m,2,4,11,13,2,2,9,17,68,76
P6,52,v,3,5,13,14,1,1,14,24,58,68
P6,53,m,3,3,12,12,1,1,6,17,63,74
P6,53,v,1,4,13,12,3,3,8,16,62,70
P7,54,m,3,4,10,13,3,3,15,27,58,70
P7,54,v,2,3,13,12,3,3,17,23,58,64
P7,55,m,3,3,11,13,3,3,12,19,56,63
P7,55,v,3,4,13,11,3,2,15,15,65,65
P7,56,m,5,4,14,13,5,3,5,14,68,77
P7,56,v,5,5,14,14,3,3,12,25,54,67
